字母開頭,字彙,詞類,中文,級數
a,abbey,noun,大修道院,中高級
a,abbreviate,verb,縮寫、使簡短,中高級
a,abbreviation,noun,縮寫、簡稱,中高級
a,abdomen,noun,腹部,中高級
a,abide,verb,容忍、遵守,中高級
a,abolish,verb,廢除,中高級
a,aboriginal,adj./noun,土著的；土著,中高級
a,aborigine,noun,原住民,中高級
a,abortion,noun,流產、墮胎,中高級
a,abound,verb,大量存在、富足,中高級
a,abrupt,adj.,突然的、唐突的,中高級
a,absent-minded,adj.,心不在焉的,中高級
a,abstraction,noun,抽象(概念)、抽取、提取,中高級
a,absurd,adj./noun,荒謬的；荒誕(的事物),中高級
a,abundance,noun,大量、充裕,中高級
a,abundant,adj.,大量的,中高級
a,accelerate,verb,加速,中高級
a,acceleration,noun,加速,中高級
a,accessible,adj.,可到達的、可使用的、易理解的,中高級
a,accessory,noun/adj.,附件、配件；副的、輔助的,中高級
a,acclaim,verb/noun,稱譽、(給予)高度評價,中高級
a,accomplished,adj.,技藝高超的、有才華的,中高級
a,accordance,noun,依照、依據,中高級
a,accordingly,adv.,相應地、因此,中高級
a,accountable,adj.,應負責任的,中高級
a,accounting,noun,會計,中高級
a,accumulate,verb,累積、逐漸增加,中高級
a,accumulation,noun,累積,中高級
a,accusation,noun,控告、指控,中高級
a,accustom,verb,使習慣於,中高級
a,accustomed,adj.,習慣於,中高級
a,ace,noun,A紙牌、擅長...的人、(網球)發球得分,中高級
a,ace,adj.,第一流的、極好的,中高級
a,ace,verb,表現得很好,中高級
a,acknowledge,verb,承認、告知、致意、感謝,中高級
a,acne,noun,痤瘡、粉刺,中高級
a,acoustic,adj.,聲音的、聽覺的、(樂器)原聲的,中高級
a,acoustic,noun,(建築物、房間的)傳音效果、音響效果,中高級
a,acquisition,noun,獲得、獲得物,中高級
a,acting,adj.,臨時代理的,中高級
a,activate,verb,使活動、活化,中高級
a,activist,noun,活躍份子,中高級
a,acute,adj.,嚴重的、(病痛)急性的、靈敏的,中高級
a,acute,noun,銳音符,中高級
a,adaptation,noun,改編、適應,中高級
a,addict,noun,成癮者、入迷的人,中高級
a,addicted,adj.,上癮的、入迷的,中高級
a,addiction,noun,上癮、入迷,中高級
a,additive,noun,(尤指食品的)添加物,中高級
a,additive,adj.,附加的,中高級
a,adhere,verb,附著、遵循,中高級
a,adjacent,adj.,毗連的、鄰近的,中高級
a,adjoin,verb,毗連、鄰接,中高級
a,adjustment,noun,調整、適應,中高級
a,administer,verb,管理、執行；給予、施行,中高級
a,administrative,adj.,管理的、行政的,中高級
a,administrator,noun,管理人員、行政人員,中高級
a,admiral,noun,海軍上將、艦隊司令,中高級
a,adolescence,noun,青春期,中高級
a,adolescent,adj./noun,青春期的；青少年,中高級
a,adore,verb,熱愛、愛慕,中高級
a,adulthood,noun,成年,中高級
a,advancement,noun,發展、促進、晉升,中高級
a,advent,noun,出現、到來,中高級
a,adverb,noun,副詞=adv.,中高級
a,adverse,adj.,不利的、負面的、有害的,中高級
a,advert,noun,"廣告=ad,advertisement",中高級
a,advertiser,noun,廣告商、登廣告者,中高級
a,advertising,noun,廣告業、廣告活動,中高級
a,advisable,adj.,明智的、可取的,中高級
a,advisory,adj.,顧問的、諮詢的,中高級
a,advisory,noun,公告、警報,中高級
a,advocate,noun,提倡者、擁護者,中高級
a,aerial,adj./noun,從飛機上的、空中的,中高級
a,aerial,noun,天線noun=antenna(AmericanEnglish),中高級
a,aerospace,noun/adj.,航空航天業(的)、航空航天技術(的),中高級
a,aesthetic,adj.,"美感的、審美的=aesthetical,esthetic,esthetical",中高級
a,aesthetics,noun,美學、美感=esthetics,中高級
a,affectionate,adj.,表示關愛的、充滿深情的,中高級
a,affiliate,noun,附屬機構、分公司,中高級
a,affiliate,verb,使隸屬於、加入、為...工作,中高級
a,affirm,verb,申明、斷言,中高級
a,afflict,verb,折磨、使痛苦,中高級
a,aftermath,noun,後果、餘波,中高級
a,agenda,noun,議程、待處理事項,中高級
a,aggravate,verb,加重、惡化,中高級
a,aggregate,adj./noun/verb,總計(的)、合計(的),中高級
a,aggression,noun,侵略、挑釁,中高級
a,aging,adj./noun,變老的；老化=ageing,中高級
a,agitate,verb,鼓動、煽動；激怒,中高級
a,agitation,noun,焦慮不安、煩亂；煽動、鼓動,中高級
a,agony,noun,極度痛苦、苦惱,中高級
a,agricultural,adj.,農業的,中高級
A,AI,noun,人工智慧=artificialintelligence,中高級
a,aide,noun,(從政者或軍隊高官的)助理、助手,中高級
a,airlift,noun/verb,空運、空投,中高級
a,airtight,adj.,密封的、不透氣的,中高級
a,airway,noun,(肺的)氣道；飛行航線,中高級
a,aisle,noun,走道,中高級
a,alarming,adj.,驚人的、令人驚慌的,中高級
a,algebra,noun,代數,中高級
a,alien,adj.,外國的、異域的、外星人的；陌生的、不熟悉的,中高級
a,alien,noun,外國人、外星人(生物),中高級
a,alienate,verb,使疏遠、離間,中高級
a,allegation,noun,(未經證實的)指責、指控,中高級
a,allege,verb,(未經證實地)指責、指控,中高級
a,alleged,adj.,(證據不足的情況下)被指控的、涉嫌的,中高級
a,allergic,adj.,過敏的、過敏引起的；對...十分反感的,中高級
a,allergy,noun,過敏,中高級
a,alleviate,verb,減輕、緩和,中高級
a,alliance,noun,(國家)結盟、聯盟,中高級
a,allied,adj.,結盟的、聯盟的；類似的、有關聯的,中高級
a,alligator,noun,短吻鱷,中高級
a,allocate,verb,分配、調撥,中高級
a,alloy,noun/verb,合金；把...鑄成合金,中高級
a,alloy,verb,把(價值)降低、損壞,中高級
a,ally,noun/verb,同盟、盟友；與...結盟,中高級
a,almond,noun,杏仁,中高級
a,alter,verb,改變、更動、修改(衣服使其合身),中高級
a,alternate,verb/adj.,輪流(的)、交替(的),中高級
a,ambiguity,noun,歧義、模稜兩可,中高級
a,ambiguous,adj.,模稜兩可的、含混不清的,中高級
a,ambush,verb/noun,埋伏、伏擊,中高級
a,amend,verb,修訂、修正(法律文件等),中高級
a,amendment,noun,修正案、修訂,中高級
a,amends,noun,賠罪、賠償,中高級
a,amiable,adj.,和藹可親的,中高級
a,amicable,adj.,友善的、友好的,中高級
a,ammunition,noun,彈藥,中高級
a,amnesty,noun,赦免、赦免期,中高級
a,ample,adj.,足夠的、豐富的,中高級
a,amplify,verb,擴大、增強,中高級
a,analogy,noun,類比、比喻,中高級
a,analytical,adj.,分析的=analytic,中高級
a,anchor,noun/verb,錨；拋錨、下錨,中高級
a,anchor,noun/verb,主持人；主持(電視、廣播節目),中高級
a,anecdote,noun,趣聞軼事,中高級
a,angler,noun,垂釣者,中高級
a,animate,adj./verb,有生命的、有活力的；使有生命、使有活力,中高級
a,annoyance,noun,惱怒、煩惱、令人煩惱的事,中高級
a,anonymous,adj.,匿名的、不具名的,中高級
A,Antarctic,adj./noun,南極的、南極地區的；南極、南極地區=antarctic,中高級
a,antenna,noun,觸角、觸鬚；天線,中高級
a,anthem,noun,國歌、(群體的)團歌,中高級
a,antibiotic,noun/adj.,抗生素；抗菌的,中高級
a,antibody,noun,抗體,中高級
a,anticipate,verb,預料、預見、期盼,中高級
a,anticipation,noun,預料、預見、期盼,中高級
a,antique,noun/adj.,古董、古物；古老的、古董的,中高級
a,antonym,noun,反義詞,中高級
a,apartheid,noun,(南非)種族隔離,中高級
a,appall,verb,使驚駭、使大為震驚=appal(BritishEnglish),中高級
a,appalling,adj.,令人震驚的、糟糕的,中高級
a,apparatus,noun,儀器、設備；(政府的)組織、機構,中高級
a,appendix,noun,(書或文件的)附錄；闌尾,中高級
a,applicable,adj.,適用的,中高級
a,appraisal,noun,評價、評估,中高級
a,appreciable,adj.,可觀的,中高級
a,apprehension,noun,憂慮、恐懼,中高級
a,apprentice,noun/verb,學徒；使當學徒,中高級
a,approximate,adj./verb,大約的；接近,中高級
a,apt,adj.,有…傾向的；恰當的、適當的；聰穎的,中高級
a,aptitude,noun,天資、資質,中高級
a,arbitrary,adj.,武斷的、專制的,中高級
a,arc,noun/verb,弧形；作弧形運動,中高級
a,archaeology,noun,考古學=archeology,中高級
a,architectural,adj.,建築學的、建築方面的,中高級
a,archive,noun/verb,檔案、檔案室；歸檔、存檔,中高級
A,Arctic,adj./noun,北極的、北極地區的；北極、北極地區=arctic,中高級
a,arena,noun,圓形運動場、圓形劇場、活動場所,中高級
a,armor,noun/verb,盔甲、裝甲；穿盔甲、提供防禦=armour(BritishEnglish),中高級
a,arms,noun,武器、兵器,中高級
a,array,noun,大量、一批,中高級
a,array,verb,配置、布置、排列,中高級
a,arrogant,adj.,傲慢的、自大的,中高級
a,artery,noun,動脈、(道路)主幹線,中高級
a,articulate,adj./verb,口齒清楚的、善於表達的；清楚說明、口齒清楚,中高級
a,artifact,noun,手工藝品=artefact,中高級
a,artillery,noun,火炮,中高級
a,ascertain,verb,查明、弄清,中高級
a,ascribe,verb,把...歸因於、認為...具有,中高級
a,aspiration,noun,抱負、渴望,中高級
a,ass,noun,傻瓜、笨蛋；屁股,中高級
a,assault,noun/verb,攻擊、襲擊,中高級
a,assert,verb,堅稱、維護(權利),中高級
a,assess,verb,評價、估算,中高級
a,assessment,noun,評價、評定,中高級
a,assignment,noun,(學業或工作上的)任務、分派(任務),中高級
a,assimilate,verb,消化吸收、理解、融入,中高級
a,assumption,noun,假設,中高級
a,assured,adj.,自信的、確定的,中高級
a,asthma,noun,氣喘,中高級
a,astray,adv./adj.,迷路地、誤入歧途地；迷路的、誤入歧途的,中高級
a,astronomer,noun,天文學家,中高級
a,astronomy,noun,天文學,中高級
a,asylum,noun,庇護、避難,中高級
a,athletics,noun,體育運動、田徑運動,中高級
A,ATM,noun,自動提款機=automatictellermachine,中高級
a,atrocity,noun,凶惡、殘暴行為,中高級
a,attached,adj.,依戀的、附屬的,中高級
a,attain,verb,獲得、達到,中高級
a,attempted,adj.,(犯罪)未遂的,中高級
a,attendance,noun,參加、出席、出席人數,中高級
a,attendant,noun,服務員、侍者,中高級
a,attendant,adj.,伴隨的、隨之而來的,中高級
a,attic,noun,閣樓,中高級
a,attorney,noun,律師,中高級
a,attribute,verb,歸因於,中高級
a,attribute,noun,屬性、特徵,中高級
a,auction,noun/verb,拍賣,中高級
a,audit,verb/noun,審計、稽核、查帳,中高級
a,audit,verb,旁聽(大學課程),中高級
a,auditorium,noun,觀眾席；禮堂、劇院、音樂廳,中高級
a,authentic,adj.,真實的、真正的、真跡的、可信的,中高級
a,authoritative,adj.,具權威的、專斷的,中高級
a,authorize,verb,批准、授權=authorise(BritishEnglish),中高級
a,auto,noun,汽車,中高級
a,autograph,noun/verb,親筆簽名；在...上簽名,中高級
a,automation,noun,自動化,中高級
a,autonomous,adj.,自治的、自主的,中高級
a,autonomy,noun,自治(權)、自主(權),中高級
a,avail,verb/noun,(對人或物)有幫助；幫助、效益,中高級
a,avert,verb,防止、避開,中高級
a,aviary,noun,大鳥籠、鳥舍,中高級
a,aviation,noun,航空、航空製造業、飛行,中高級
a,awe,noun/verb,敬畏、驚嘆,中高級
a,awesome,adj.,令人驚嘆的、很棒的,中高級
a,awhile,adv.,一會兒,中高級
a,axis,noun,軸、軸線,中高級
b,bachelor,noun,單身漢；學士,中高級
b,backbone,noun,脊椎、脊骨；支柱、基礎,中高級
b,backing,noun,支持、援助、資助,中高級
b,backpack,noun/verb,背包；背包旅行,中高級
b,badge,noun,徽章、名牌,中高級
b,baffle,verb,困惑,中高級
b,bail,noun/verb,保釋金；獲得保釋,中高級
b,ballot,noun/verb,不記名投票、選票；進行不記名投票,中高級
b,bandit,noun,土匪、盜賊,中高級
b,bankruptcy,noun,破產,中高級
b,banner,noun,橫布條、橫幅廣告,中高級
b,banquet,noun,宴會、盛宴,中高級
b,barbarian,noun/adj.,野蠻人、無教養的人；野蠻的、野蠻人的,中高級
b,barefoot,adj./adv.,赤腳的；赤腳地,中高級
b,barge,noun,大型平底船,中高級
b,barge,verb,衝撞、亂闖,中高級
b,barometer,noun,氣壓計、指標,中高級
b,barrack,verb,起哄、喝倒采,中高級
b,barracks,noun,兵營、營房單複數同形,中高級
b,barren,adj.,貧瘠的、不毛的；不孕的；不結果實的,中高級
b,barricade,noun/verb,障礙物、(設)路障；阻擋,中高級
b,bash,noun/verb,猛攻、痛擊,中高級
b,basically,adv.,基本上,中高級
b,basics,noun,基礎、基本需要、基本設施,中高級
b,bass,noun/adj.,低音、男低音、低音吉他；低音的,中高級
b,bastard,noun,討厭鬼、壞蛋,中高級
b,bastard,noun/adj.,私生子；私生的,中高級
b,batch,noun,一批,中高級
b,battalion,noun,(軍隊的)營部、隊伍,中高級
b,batter,verb,連續猛擊、毆打,中高級
b,batter,noun,(棒球的)打擊手；麵糊,中高級
b,battlefield,noun,戰場,中高級
b,bazaar,noun,(某些東方國家的)市集；義賣,中高級
b,bearing,noun,關係、影響；舉止、風度,中高級
b,beautify,verb,美化、裝飾,中高級
b,beckon,verb,招手示意、舉手招喚,中高級
b,beep,noun/verb,(電子設備的)嘟嘟聲、嗶嗶聲；發出嘟嘟或嗶嗶聲,中高級
b,beforehand,adv.,事先、預先,中高級
b,behalf,noun,作為...的代表、代替...,中高級
b,belongings,noun,財務、擁有物、行李,中高級
b,beloved,adj./noun,深愛的、心愛的；愛人、心上人,中高級
b,bent,adj.,彎曲的、駝背的,中高級
b,bent,noun,天賦,中高級
b,besiege,verb,包圍、圍困,中高級
b,betray,verb,背叛、出賣、對...不忠誠,中高級
b,beverage,noun,飲料,中高級
b,beware,verb,小心、提防,中高級
b,bewilder,verb,使困惑,中高級
b,bias,noun/verb,偏見、偏袒；對...懷有偏見,中高級
b,bibliography,noun,參考書目、文獻目錄,中高級
b,bilateral,adj.,雙邊的、雙方的,中高級
b,binding,adj.,必須遵守的，有法律約束力的,中高級
b,binding,noun,(書籍的)封皮、鑲邊,中高級
b,binoculars,noun,雙筒望遠鏡,中高級
b,biochemistry,noun,生物化學,中高級
b,biological,adj.,生物的、生物學的、親生的,中高級
b,birdie,noun,小鳥,中高級
b,birdie,noun/verb,(高爾夫球)小鳥擊、比標準桿少一桿入洞,中高級
b,bitch,noun,母狗；[冒犯]壞女人、潑婦,中高級
b,bitch,verb,說壞話,中高級
b,bizarre,adj.,怪誕的、異乎尋常的,中高級
b,blacksmith,noun,鐵匠,中高級
b,blade,noun,刀片、刀刃；(機器上旋轉的)槳片、槳葉；(草的)葉片,中高級
b,bland,adj.,清淡的、平淡乏味的,中高級
b,blare,verb/noun,發出響亮刺耳的聲音；響亮刺耳的聲音,中高級
b,blast,noun/verb,炸毀、爆破；爆炸,中高級
b,blast,noun/verb,(突然發出的)響聲；發出巨大聲響,中高級
b,blast,noun,狂風、強勁的氣流,中高級
b,blaze,verb/noun,熊熊燃燒；大火、烈火、火焰,中高級
b,blaze,verb/noun,閃耀、發亮光；燦爛,中高級
b,bleach,verb/noun,漂白、使褪色；漂白劑,中高級
b,bleak,adj.,荒涼的、陰冷的、暗淡無望的,中高級
b,blizzard,noun,暴風雪,中高級
b,bloc,noun,(政治利益類似的)集團、陣營,中高級
b,blockade,noun/verb,包圍、封鎖,中高級
b,blot,noun/verb,墨水漬、汙點；把墨水濺到、弄髒,中高級
b,blot,verb,(用軟紙或布)吸乾液體,中高級
b,blues,noun,藍調(音樂),中高級
b,blunder,noun/verb,粗心或愚蠢的錯誤；犯大錯,中高級
b,blunt,adj.,(鉛筆、刀等)鈍的、不鋒利的；直率的、直截了當的,中高級
b,blunt,verb,使變鈍、減弱,中高級
b,blur,noun/verb,模糊；使模糊不清,中高級
b,bob,verb/noun,(在水中)快速上下擺動、快速移動；快速點頭或鞠躬,中高級
b,bob,verb/noun,(水中)快速擺動；(女)齊短髮、快速點頭,中高級
b,bodily,adj.,人體的、身體的,中高級
b,bodily,adv.,移動全身地；親身地；全體地、整體地,中高級
b,bodyguard,noun,保鑣,中高級
b,bog,noun,沼澤,中高級
b,boiling,adj.,炙熱的,中高級
b,bolster,verb,加強、支撐、改善,中高級
b,bolster,noun,長靠枕,中高級
b,bolt,noun,(門窗的)閂、螺栓；閃電、霹靂,中高級
b,bolt,verb,閂上、用螺栓固定；(因受到驚嚇而)快跑、奔跑,中高級
b,bombard,verb,轟炸、大量信息轟炸,中高級
b,bomber,noun,轟炸機、轟炸者,中高級
b,bondage,noun,束縛、奴役,中高級
b,bonus,noun,津貼、獎金,中高級
b,boom,noun/verb,繁榮、增長、迅速發展,中高級
b,boom,noun/verb,隆隆聲；發出隆隆聲、轟鳴,中高級
b,boost,verb/noun,使增加、幫助、提高,中高級
b,booth,noun,小亭、(有棚的)臨時貨攤、(餐廳裡的)隔間,中高級
b,boredom,noun,無聊、厭煩,中高級
b,borough,noun,自治區、行政區,中高級
b,borrowing,noun,借貸、借款額,中高級
b,bosom,noun,胸部、內心,中高級
b,botanical,adj.,植物的、植物學的、和植物有關的=botanic,中高級
b,botany,noun,植物學,中高級
b,boulevard,noun,林蔭大道、大街,中高級
b,bound,adj.,肯定的、必然的；(法律或道德上)有義務的、受約束的；正在前往...的、開往...的,中高級
b,bound,verb/noun,跳躍、跳動,中高級
b,boundary,noun,分界線、邊界,中高級
b,bout,noun,(疾病的)發作,中高級
b,bowel,noun,腸,中高級
b,bowler,noun,玩保齡球者、(板球)投手,中高級
b,boxer,noun,拳擊手,中高級
b,boyhood,noun,(男子的)孩童時期,中高級
b,brace,verb,支撐、加固；做準備、防備,中高級
b,brace,noun,托架、支架；牙箍,中高級
b,bracket,noun/verb,括號；用括弧括上,中高級
b,braid,noun/verb,彩色穗帶、髮辮；編辮子,中高級
b,brassiere,noun,胸罩=bra,中高級
b,breach,verb,違反、違背；在...打開缺口,中高級
b,breach,noun,(法規等的)違反、違背；(關係)中斷、終止；缺口,中高級
b,breadth,noun,寬度、(知識或興趣等的)廣泛,中高級
b,breakdown,noun,故障、損壞；(關係的)破裂、(討論或系統的)失敗；精神崩潰、神經衰弱,中高級
b,break-in,noun,闖入、入室偷竊,中高級
b,breakthrough,noun,重大進展、突破,中高級
b,breakup,noun,(關係的)破裂、中斷；(組織、國家的)分裂、分離,中高級
b,breeder,noun,飼養者,中高級
b,brew,verb,釀製(啤酒)、泡茶或咖啡；(壞事的)即將來臨、醞釀,中高級
b,brew,noun,啤酒；混合物,中高級
b,briefing,noun,簡報、簡報會,中高級
b,brigade,noun,(軍隊的)旅、(有相同主張或信念的)隊伍或團體,中高級
b,brink,noun,(峭壁、河岸等的)邊緣、(事情發生的)邊緣,中高級
b,brisk,adj.,輕快的、生氣勃勃的,中高級
b,brittle,adj.,易碎的、脆弱的,中高級
b,broadcaster,noun,廣播員、廣播電台或電視公司,中高級
b,broaden,verb,變寬、增長(經驗或知識),中高級
b,brochure,noun,小冊子、資料或廣告手冊,中高級
b,broil,verb,炙烤、被曝曬=grill,中高級
b,broil,verb,炙烤、被曝曬,中高級
b,broker,noun/verb,經紀人、中間人；居中安排,中高級
b,bronze,noun,青銅,中高級
b,brooch,noun,"胸針=pin,broach",中高級
b,brood,noun,一窩雛鳥、一窩動物,中高級
b,brood,verb,擔憂、焦慮；孵蛋,中高級
b,broth,noun,(加入蔬菜烹煮的)肉湯、魚湯,中高級
b,brotherhood,noun,手足情誼、兄弟關係,中高級
b,brow,noun,額頭、眉毛,中高級
b,bruise,noun/verb,瘀傷、碰傷；撞傷、挫傷,中高級
b,brute,noun/adj.,野獸、殘暴的人、暴君；暴力的、蠻幹的,中高級
b,buck,noun,美元；雄鹿、公兔,中高級
b,buck,verb,(馬)弓背跳躍、尥起後蹄跳躍；反抗、抵制,中高級
b,buckle,noun/verb,(皮帶等的)扣環、鎖扣；用扣環扣住,中高級
b,buffer,noun/verb,緩衝物、減震器、(電腦的)緩存區；減緩(傷害)、緩存,中高級
b,build-up,noun,"增長、增大=buildup,buildup",中高級
b,build-up,noun,"(重要事情的)準備過程、準備期=buildup,buildup",中高級
b,bulge,verb,塞滿、鼓脹凸起,中高級
b,bulge,noun,鼓起、凸起；暫時的激增、突然上漲,中高級
b,bulk,noun/verb,大部分、大規模、巨大的東西；加大、加重,中高級
b,bulky,adj.,龐大的、笨重的、高大肥胖的,中高級
b,bully,noun/verb,仗勢欺人者、恃強凌弱者；脅迫、霸凌,中高級
b,bunker,noun,地堡、(高爾夫球球場上的)沙坑,中高級
b,bureaucracy,noun,官僚作風、官僚體制,中高級
b,bureaucrat,noun,官僚、官僚主義者,中高級
b,bureaucratic,adj.,官僚的、繁文縟節的,中高級
b,burial,noun,埋葬、葬禮,中高級
b,bust,noun,半身像；胸圍；逮捕、搜捕,中高級
b,bust,verb,打破、摔碎；突擊搜捕,中高級
b,bust,adj.,破碎的、毀壞的,中高級
b,bypass,verb/noun,繞過、避開；旁道,中高級
b,byte,noun,(電腦訊息)位元組,中高級
c,cactus,noun,仙人掌,中高級
c,caffeine,noun,咖啡因,中高級
c,calcium,noun,鈣,中高級
c,calculated,adj.,預先計畫的、蓄意的,中高級
c,calculating,adj.,工於心計的、精明的,中高級
c,calf,noun,小牛；小腿肚,中高級
c,calligraphy,noun,書法,中高級
c,calorie,noun,(熱量)卡路里,中高級
c,campaigner,noun,從事社會運動者、運動倡導者,中高級
c,cannon,noun,大砲,中高級
c,cannon,verb,碰撞,中高級
c,capability,noun,能力、性能,中高級
c,capsule,noun,膠囊、小盒；太空艙,中高級
c,captive,adj./noun,被監禁的、被關起來的；俘虜、戰俘,中高級
c,captivity,noun,囚禁,中高級
c,carbohydrate,noun,碳水化合物,中高級
c,cardboard,noun,硬紙板,中高級
c,cardinal,noun,樞機主教；基數；紅衣鳳頭鳥(見於北美，雄鳥為鮮紅色),中高級
c,cardinal,adj.,極重要的、基本的,中高級
c,carefree,adj.,無憂無慮的,中高級
c,caress,verb/noun,撫摸、愛撫,中高級
c,caretaker,noun,照顧者、護理員=carer,中高級
c,caretaker,noun,(建築物的)管理員、看門者,中高級
c,carnation,noun,康乃馨,中高級
c,carnival,noun,嘉年華、狂歡節、露天遊樂會,中高級
c,carol,noun/verb,歡快的歌、聖誕頌歌；歡快地歌唱、唱頌歌,中高級
c,carp,verb,不停抱怨、挑剔,中高級
c,carrier,noun,運送人、運輸工具、航空公司；病原攜帶者、帶原者,中高級
c,cartel,noun,同業聯盟,中高級
c,carton,noun,硬紙盒、塑膠盒,中高級
c,cashier,verb,撤銷...的軍職、免除...的軍籍,中高級
c,casino,noun,賭場,中高級
c,caste,noun,(印度社會的)種姓制度、社會階層,中高級
c,catastrophe,noun,大災難、困境、不幸事件,中高級
c,category,noun,種類、類別,中高級
c,cater,verb,承辦宴席、提供飲食；滿足需要、迎合,中高級
c,catering,noun,餐飲業、酒席承辦,中高級
c,cathedral,noun,大教堂,中高級
c,caution,noun,謹慎、慎重；告誡、警告、提醒,中高級
c,caution,verb,警告、告誡,中高級
c,cautious,adj.,謹慎的,中高級
c,cavalry,noun,騎兵,中高級
c,cavity,noun,洞(孔、腔)、齲齒,中高級
c,ceasefire,noun,停火、停戰,中高級
c,celebrated,adj.,著名的、聞名的,中高級
c,celebrity,noun,名人、名氣,中高級
c,celery,noun,芹菜,中高級
c,cellar,noun,地窖、地下室,中高級
c,cello,noun,大提琴,中高級
C,Celsius,noun,"攝氏溫度=centigrade,縮寫C",中高級
c,cemetery,noun,墓園、公墓,中高級
c,census,noun,(官方的)調查、人口普查,中高級
c,ceramic,adj./noun,陶瓷的；陶瓷、陶瓷製品,中高級
c,certainty,noun,確實、必然,中高級
c,certify,verb,(用書面形式)證明、證實,中高級
c,challenged,adj.,[委婉說法]有殘疾的,中高級
c,challenger,noun,挑戰者,中高級
c,challenging,adj.,有挑戰性的、挑起爭論的,中高級
c,champagne,noun,香檳酒,中高級
c,chant,verb,反覆吟唱、反覆呼喊；唱聖歌、反覆吟誦禱文,中高級
c,chant,noun,聖歌、反覆吟詠的禱文、反覆呼喊或吟唱的話語,中高級
c,chaos,noun,混亂、無秩序狀態,中高級
c,chapel,noun,小教堂,中高級
c,chapped,adj.,(皮膚或唇)裂開的,中高級
c,characterize,verb,以…為特徵=characterise(BritishEnglish),中高級
c,charcoal,noun,木炭,中高級
c,chariot,noun,(古時用於比賽或戰爭的)雙輪馬車,中高級
c,charitable,adj.,慈善的、慈善團體的、仁慈的,中高級
c,charter,noun,憲章、章程；許可證；(交通工具的)租賃,中高級
c,charter,verb,特許設立、發給許可證；包租(交通工具),中高級
c,chatter,verb,嘮叨、喋喋不休；(動物的)鳴叫、吱吱叫；(牙齒因冷或害怕)打顫,中高級
c,chatter,noun,喋喋不休的談話；(動物的)鳴叫聲；牙齒打顫的咯咯聲,中高級
c,checkbook,noun,支票簿=chequebook(英),中高級
c,checked,adj.,格子花紋的,中高級
c,checkup,noun,檢查、體檢,中高級
c,chef,noun,廚師、主廚,中高級
c,chest,noun,(常為木製的)箱子,中高級
c,chestnut,noun,栗子；栗樹；栗色、紅褐色,中高級
c,chestnut,adj.,栗色的、紅褐色的,中高級
c,chilli,noun,辣椒=chili,中高級
c,chimpanzee,noun,黑猩猩,中高級
c,chirp,verb/noun,(鳥或蟲)發啁啾聲、唧唧叫；(鳥或蟲的)啁啾聲、唧唧聲,中高級
c,chisel,verb/noun,鑿、雕刻；鑿子,中高級
c,choir,noun,唱詩班、合唱團,中高級
c,cholesterol,noun,膽固醇,中高級
c,chord,noun,(音樂的)和弦、和音；弦(數學中連接圓上任一兩點的線段),中高級
c,chronic,adj.,(尤指疾病)慢性的、長期的,中高級
c,chuck,noun,(固定鑽頭等用的)卡盤、夾盤；牛肩胛肉,中高級
c,chuck,verb,(隨意地)拋、扔、甩；放棄、停止、終止(戀愛關係),中高級
c,chuckle,verb/noun,低聲輕笑、輕聲地笑,中高級
c,chunk,noun,大塊、大量,中高級
c,circuit,noun,環行路線、環形道路；電路、線路；巡迴、巡遊、巡迴賽,中高級
c,circumference,noun,圓周、周長,中高級
c,cite,verb,引用、引述；舉例、列舉示例；嘉獎、表彰、表揚,中高級
c,civic,adj.,城市的、市民的,中高級
c,clam,noun,蛤蜊、蚌,中高級
c,clamp,noun/verb,夾鉗；鉗緊、夾住,中高級
c,clan,noun,宗族、家族,中高級
c,clarity,noun,清楚、明確,中高級
c,clasp,verb/noun,緊抱、緊握、抓緊,中高級
c,clasp,noun,(包、皮帶或首飾的)扣子、扣環,中高級
c,clause,noun,(語法的)分句、子句；(法律文件的)條款,中高級
c,cleanse,verb,清潔(皮膚或傷口)、淨化,中高級
c,cleanup,noun,清掃=clean-up,中高級
c,clearance,noun,清除、清理、清掃；間距、間隙,中高級
c,clearing,noun,清掃、林中空地,中高級
c,clench,verb/noun,捏緊(拳頭)、咬緊,中高級
c,clinch,noun,擁抱、扭抱,中高級
c,clinch,verb,贏得、成功取得,中高級
c,cling,verb,緊抱、抓緊；黏住、附著、貼近,中高級
c,clinical,adj.,門診的、臨床的,中高級
c,clockwise,adv./adj.,順時針方向地；順時針方向的,中高級
c,clone,noun/verb,無性繁殖、複製、複製品；無性繁殖、複製,中高級
c,closed,adj.,閉關自守的、不接受新思想的,中高級
c,closure,noun,關閉、停業、倒閉,中高級
c,clover,noun,苜蓿、三葉草,中高級
c,cluster,noun/verb,團、串；成簇、群聚,中高級
c,clutch,verb/noun,緊握、抱緊、(因害怕或痛苦)突然抓住,中高級
c,clutch,noun,離合器、離合器踏板；勢力範圍、控制、掌管；一群(人或動物)、一批(物品),中高級
c,coalition,noun,聯合、(政黨或國家)結盟,中高級
c,coastal,adj.,沿海的,中高級
c,coastline,noun,海岸線,中高級
c,cocaine,noun,古柯鹼,中高級
c,cockpit,noun,(飛機或船的)駕駛艙、(賽車的)駕駛座,中高級
c,cocoon,noun/verb,繭、保護膜、避風港；將...裹住、把...包緊,中高級
c,coffin,noun,棺材、靈柩,中高級
c,coherent,adj.,(看法、論點)連貫的、條理清晰的,中高級
c,coil,noun/verb,(繩索、頭髮或電線等的)捲、圈；盤繞、捲成捲狀,中高級
c,coincide,verb,同時發生、相符、一致,中高級
c,collaboration,noun,合作、勾結,中高級
c,collected,adj.,冷靜的、鎮定的,中高級
c,collected,adj.,收集成冊的、收集成系列的,中高級
c,collective,adj./noun,集體的、共同的；企業集團、集體企業,中高級
c,collector,noun,收集者、收藏家,中高級
c,collide,verb,相撞、衝突,中高級
c,collision,noun,碰撞(事故)、衝突牴觸,中高級
c,colloquial,adj.,口語的,中高級
c,colonel,noun,上校,中高級
c,colonial,adj./noun,殖民的、殖民主義的、具有殖民地風格的；殖民地居民,中高級
c,columnist,noun,專欄作家,中高級
c,combat,noun/verb,戰鬥、打鬥,中高級
c,comeback,noun,復出、再度受歡迎,中高級
c,comedown,noun,衰落、落魄,中高級
c,comet,noun,彗星,中高級
c,comma,noun,逗號,中高級
c,commemorate,verb,紀念、緬懷,中高級
c,commence,verb,開始,中高級
c,commend,verb,稱讚、表揚、推薦,中高級
c,commentary,noun,評論、註釋、實況報導,中高級
c,commentator,noun,評論員、實況播音員,中高級
c,commissioner,noun,委員、專員、(政府部門的)首長或長官,中高級
c,commodity,noun,商品、貨物、有價值的事物,中高級
c,commonplace,adj./noun,平凡的、普通的；常見的事,中高級
c,commonwealth,noun,聯邦、自治政區,中高級
c,communal,adj.,共享的、公共的,中高級
c,communicative,adj.,健談的、溝通的、語言交際能力的,中高級
c,communism,noun,共產主義,中高級
c,commute,verb/noun,通勤,中高級
c,commute,verb,用...替代、變換；減輕(刑罰),中高級
c,commuter,noun,通勤者,中高級
c,compact,adj./verb/noun,小型的、結實的、簡潔的；使緊密；小型車,中高級
c,companionship,noun,友誼、情誼,中高級
c,comparable,adj.,(大小、數量或品質上)相當的、類似的,中高級
c,compartment,noun,車廂隔間、隔間,中高級
c,compass,noun,羅盤、指南針、圓規；範圍、界線,中高級
c,compass,verb,包圍,中高級
c,compassion,noun,同情、憐憫,中高級
c,compassionate,adj.,有同情心的,中高級
c,compatible,adj.,相容的、可共存的,中高級
c,compel,verb,強迫、迫使,中高級
c,compelling,adj.,(理由或論證等)令人信服的、很有說服力的；引人入勝的、令人信服的,中高級
c,compensate,verb,賠償、彌補,中高級
c,compensation,noun,補償、補償物、賠償金,中高級
c,competence,noun,能力、本領；(法庭、機構或人的)權限、管轄權,中高級
c,competent,adj.,有能力的、稱職的、合格的,中高級
c,competing,adj.,只能選其一的、不能同時接受的,中高級
c,compile,verb,編纂、編譯,中高級
c,complement,verb/noun,補充、使完美；補充物、足數、(語法)補語,中高級
c,complex,noun,(尤指過去的不快經驗造成的)情結,中高級
c,complexion,noun,面色、氣色、性質,中高級
c,complexity,noun,複雜性、難懂,中高級
c,complication,noun,複雜(化)、困難、併發症,中高級
c,comply,verb,遵守、服從,中高級
c,component,noun/adj.,構成要素、成分、零件；組成的、構成的,中高級
c,composite,adj./noun,合成的、複合的；合成物,中高級
c,comprehend,verb,理解、領悟,中高級
c,comprehensive,adj.,詳盡的、全面的,中高級
c,compress,noun,(止血消炎用)敷布,中高級
c,compress,verb,壓縮、壓緊、精簡(資訊、文字等),中高級
c,comprise,verb,包括、組成,中高級
c,compromise,noun/verb,妥協、折衷、讓步,中高級
c,compulsory,adj.,義務的、必修的、強制的,中高級
c,computerize,verb,使電腦化、用電腦處理,中高級
c,computing,noun,電腦操作、電腦學,中高級
c,comrade,noun,戰友、(共產黨的)同志,中高級
c,con,noun,騙局；不利條件、弊病,中高級
c,con,verb,欺詐、詐騙,中高級
c,concede,verb,(勉強地)承認、認輸、讓步,中高級
c,conceit,noun,自負、驕傲自大；(尤指詩歌中)巧妙的比喻,中高級
c,conceive,verb,構想、抱持(想法、感情)；受孕、懷孕,中高級
c,conception,noun,構想、概念、理解；懷孕、受孕,中高級
c,concession,noun,妥協、讓步、承認,中高級
c,concise,adj.,簡明扼要的,中高級
c,condemn,verb,譴責、判刑、迫使處於(不幸狀態),中高級
c,condemnation,noun,譴責、定罪,中高級
c,condense,verb,(使氣體)凝結、濃縮(液體)、簡縮(文字等),中高級
c,condom,noun,保險套,中高級
c,confederation,noun,聯盟、(加拿大)聯邦,中高級
c,confer,verb,商討、協商；授予(獎項、學位、榮譽等),中高級
c,confession,noun,認罪、承認、告解,中高級
c,confidential,adj.,機密的、祕密的,中高級
c,configuration,noun,結構、配置、格局,中高級
c,conform,verb,順從、遵守、相符合,中高級
c,congressional,adj.,立法機關的、(美國)國會的,中高級
c,congressman,noun,國會議員、(尤指美國的)眾議會議員,中高級
c,congresswoman,noun,(美國眾議院)國會女議員,中高級
c,conquest,noun,征服、佔領地、被俘虜的人,中高級
c,conscientious,adj.,有良心的、認真勤勉的、謹慎的,中高級
c,consciousness,noun,知覺、意識,中高級
c,consecutive,adj.,連續不斷的,中高級
c,consensus,noun,共識,中高級
c,consent,noun/verb,同意、贊成,中高級
c,conservation,noun,(對自然環境或歷史建築的)保育、保護、節約,中高級
c,conserve,verb,保存、保護、節約,中高級
c,conserve,noun,蜜餞、糖漬食品,中高級
c,considering,prep./conj./adv.,考慮到、就...而言、鑒於,中高級
c,consolation,noun,安慰、慰藉,中高級
c,console,verb,安慰、慰問,中高級
c,consolidate,verb,鞏固、加強；合併、聯合,中高級
c,consortium,noun,財團、聯營企業,中高級
c,conspicuous,noun,顯眼的、引人注目的,中高級
c,conspiracy,noun,陰謀、密謀,中高級
c,constable,noun,(低階)警察,中高級
c,constituency,noun,選區、選區選民、支持者,中高級
c,constituent,noun,成分、要素；選民,中高級
c,constituent,adj.,構成的,中高級
c,constitutional,adj.,符合憲法的、憲法准許的；體質的,中高級
c,constrain,verb,強迫、限制,中高級
c,constraint,noun,限制、約束,中高級
c,consultation,noun,諮詢、商議、協商會,中高級
c,consuming,adj.,消耗(時間或精力)的、(感情)強烈的,中高級
c,consumption,noun,消耗(量)、消費,中高級
c,contagious,adj.,(疾病)接觸傳染的、(人)患傳染病的、(情感)具感染力的,中高級
c,contaminant,noun,污染物,中高級
c,contaminate,verb,污染、玷汙,中高級
c,contemplate,verb,仔細考慮、思忖、凝視,中高級
c,contemplation,noun,深思、凝視,中高級
c,contempt,noun,輕蔑、鄙視,中高級
c,contend,verb,聲稱、主張；競爭、爭奪,中高級
c,contender,noun,競爭者、角逐者,中高級
c,contention,noun,爭論、論點,中高級
c,contentment,noun,滿意、知足,中高級
c,contestant,noun,競賽選手、競爭者,中高級
c,contingent,noun,(代表某一組織或國家的)代表團、(軍隊的)小分隊；偶然事件,中高級
c,contingent,adj.,視...而定的、取決於...的；偶然的、可能的,中高級
c,continuity,noun,連續性、連貫,中高級
c,contractor,noun,承包商,中高級
c,contradict,verb,反駁、牴觸,中高級
c,contradiction,noun,矛盾、牴觸、反駁,中高級
c,contradictory,adj.,相互矛盾的、不一致的,中高級
c,contributor,noun,捐贈者、貢獻者；投稿人,中高級
c,contrive,verb,設計、發明；巧妙安排、策畫；設法做到,中高級
c,controller,noun,管理者、指揮者；控制器、調節器,中高級
c,controversial,adj.,有爭議的,中高級
c,controversy,noun,爭議、辯論,中高級
c,convene,verb,召開、開會,中高級
c,converge,verb,相交、會合、聚集,中高級
c,conversely,adv.,相反地,中高級
c,conversion,noun,改變、轉換、改變信仰或態度,中高級
c,convert,verb/noun,轉換、改變信仰；皈依者,中高級
c,convertible,noun/adj.,敞篷車；可轉換的、可兌換的,中高級
c,convict,verb/noun,證明有罪、定罪；服刑囚犯,中高級
c,conviction,noun,定罪、判罪；信念、堅信,中高級
c,convoy,noun/verb,(尤指有護衛的)艦隊、車隊；護衛、護送,中高級
c,coordinate,verb,協調、相配,中高級
c,coordinate,adj.,同一類別的、同等重要的,中高級
c,coordinate,noun,座標,中高級
c,cop,noun,警察、員警；逮捕、拘捕,中高級
c,cop,verb,逮捕、拘捕；抓、拿、握,中高級
c,copyright,noun,版權、著作權,中高級
c,coral,noun/adj.,珊瑚、珊瑚色的,中高級
c,cordial,adj.,熱情友好的、誠摯的,中高級
c,core,noun/verb,果核、核心；去核,中高級
c,cork,noun/verb,軟木塞、用軟木塞封瓶,中高級
c,corporate,adj.,公司的、法人的,中高級
c,corps,noun,兵團、部隊、(從事特定工作的)團、組,中高級
c,corpse,noun,屍體,中高級
c,correction,noun,修正、改正、懲治,中高級
c,correlate,verb,相互關聯,中高級
c,correlation,noun,相關性、關聯,中高級
c,correspondence,noun,關聯；通信、信件,中高級
c,correspondent,adj.,一致的、對應的,中高級
c,corrode,verb,侵蝕、腐蝕、損害,中高級
c,corrupt,adj./verb,貪污腐敗的、墮落的；使腐敗,中高級
c,corruption,noun,貪污腐敗、墮落、腐爛,中高級
c,cosmetic,adj.,化妝用的、表面的,中高級
c,cosmetics,noun,化妝品,中高級
c,cosmic,adj.,宇宙的,中高級
c,cosmopolitan,adj.,來自世界各地的、國際性的,中高級
c,cosmopolitan,noun,見多識廣者,中高級
c,costing,noun,成本計算,中高級
c,councilor,noun,(州、市、鎮等)議會議員=councillor(BritishEnglish),中高級
c,counsel,verb,提供諮詢、勸告,中高級
c,counsel,noun,建議、忠告；律師,中高級
c,counselor,noun,顧問、輔導員=counsellor(BritishEnglish),中高級
c,countable,adj.,可數的,中高級
c,counterclockwise,adv./adj.,逆時針方向地；逆時針方向的,中高級
c,counterpart,noun,對應的人(或物),中高級
c,countless,adj.,無數的、不計其數的,中高級
c,coup,noun,意想不到的成功；政變,中高級
c,coupon,noun,優惠券、配給券,中高級
c,courier,noun,信差、遞送員,中高級
c,courtyard,noun,庭院、天井,中高級
c,coverage,noun,新聞報導、覆蓋範圍,中高級
c,covering,noun,覆蓋物,中高級
c,covet,verb,貪圖、覬覦,中高級
c,cowardly,adj.,膽小懦弱的,中高級
c,cozy,adj.,舒適愜意的=cosy(BritishEnglish),中高級
c,crackdown,noun,鎮壓、打擊,中高級
c,cracker,noun,薄脆餅乾；爆竹、彩色拉炮,中高級
c,cramp,noun,痙攣、抽筋,中高級
c,cramp,verb,束縛、阻礙,中高級
c,crap,noun,[冒犯]廢話、胡扯、垃圾、排泄物,中高級
c,crap,adj.,[冒犯]劣質的、差勁的,中高級
c,crap,verb,[冒犯]拉屎,中高級
c,crater,noun,火山口、(隕石)坑,中高級
c,creak,noun/verb,嘎吱聲；嘎吱作響,中高級
c,creativity,noun,創造力,中高級
c,credibility,noun,可信度、可靠性,中高級
c,credible,adj.,可信的,中高級
c,creditor,noun,債權人、貸方,中高級
c,creek,noun,小溪,中高級
c,crib,noun,嬰兒床,中高級
c,crib,verb,抄襲(作弊)、剽竊,中高級
c,criterion,noun,標準、準則,中高級
c,crocodile,noun,鱷魚,中高級
c,crook,noun,彎曲(部分)、曲柄杖,中高級
c,crook,verb,使(手指或手臂)彎曲,中高級
c,crooked,adj.,彎曲的、歪的；欺詐的,中高級
c,cross-country,noun/adj./adv.,越野賽；越野的；橫越全國地,中高級
c,crossing,noun,"交叉口、十字路口、橫渡=pedestriancrossing,zebracrossing,crosswalk",中高級
c,crouch,verb/noun,蹲(下)、俯蹲(姿勢),中高級
c,crucial,adj.,重要的、決定性的,中高級
c,crude,adj.,未加工的、粗野的、粗陋的,中高級
c,cruise,noun/verb,乘船遊覽、航行,中高級
c,cruiser,noun,遊艇、巡洋艦、巡邏車,中高級
c,crumb,noun,食物碎屑、麵包屑,中高級
c,crumble,noun,酥皮水果甜點,中高級
c,crumble,verb,使成碎屑、崩壞,中高級
c,crunch,verb/noun,(發出)碎裂聲；嘎吱作響(聲),中高級
c,crunchy,adj.,(食物)酥脆的,中高級
c,crust,noun,硬皮、外殼；麵包皮,中高級
c,cube,noun/verb,立方體；求…立方、切成小方塊,中高級
c,cubic,adj.,立方的,中高級
c,cuisine,noun,烹飪、菜餚,中高級
c,culminate,verb,以…告終、結束,中高級
c,cult,noun,狂熱崇拜、邪教,中高級
c,cult,adj.,受特定群體歡迎的,中高級
c,cumulative,adj.,累積的,中高級
c,curb,verb/noun,抑制、約束,中高級
c,curfew,noun,宵禁(時間),中高級
c,currency,noun,貨幣；流通、流傳,中高級
c,curriculum,noun,(學校)全部課程,中高級
c,curry,noun/verb,咖哩；烹製咖哩,中高級
c,custody,noun,保管、監護(權)、羈押,中高級
c,customary,adj.,習俗的、一貫的,中高級
c,cutting,noun,剪報、插枝,中高級
c,cutting,adj.,刻薄的,中高級
c,cylinder,noun,圓柱體；(引擎的)氣缸,中高級
c,cynical,adj.,憤世嫉俗的、悲觀的,中高級
d,daffodil,noun,水仙花,中高級
d,dame,noun,女爵士,中高級
d,dandruff,noun,頭皮屑,中高級
d,daring,adj./noun,勇敢的、大膽的；勇敢、膽量,中高級
d,dart,verb,飛奔；猛然一瞥,中高級
d,dart,noun,飛鏢,中高級
d,daybreak,noun,黎明,中高級
d,day-to-day,adj.,每天的、例行的,中高級
d,dazzle,verb/noun,使目眩、使讚嘆；耀眼炫目,中高級
d,deadly,adj./adv.,致命的、極度的；極其,中高級
d,deafen,verb,使聽不見,中高級
d,dealer,noun,商人、經銷商,中高級
d,dealing,noun,交易、商業往來,中高級
d,debris,noun,殘骸、碎片,中高級
d,debut,noun,初次演出、初次亮相,中高級
d,decent,adj.,正派的、正經的、相當不錯的,中高級
d,decimal,adj.,十進位的,中高級
d,decimal,noun,小數,中高級
d,decisive,adj.,決定性的、果斷的,中高級
d,decorative,adj.,裝飾性的,中高級
d,decree,noun/verb,法令、判決；頒布,中高級
d,dedicate,verb,獻出(時間、精力)給…、(把著作、演出等)獻給,中高級
d,dedicated,adj.,盡心盡力的、獻身的,中高級
d,dedication,noun,獻身、奉獻,中高級
d,deduce,verb,推論、演繹,中高級
d,deduct,verb,扣除,中高級
d,deduction,noun,演繹、扣除(額),中高級
d,deem,verb,認為、相信,中高級
d,deepen,verb,使加深、變糟、使變低,中高級
d,default,verb,違約、不清償債務,中高級
d,default,noun,違約；預設值,中高級
d,defect,noun,缺陷,中高級
d,defect,verb,背叛、叛變,中高級
d,defendant,noun,被告,中高級
d,defender,noun,守衛者、保護人、防守隊員,中高級
d,defensible,adj.,可辯解的、有正當理由的,中高級
d,defiance,noun,違抗、拒絕服從,中高級
d,defiant,adj.,反抗的、挑釁的,中高級
d,deficiency,noun,缺乏、缺陷,中高級
d,deficient,adj.,缺乏的、有缺陷的,中高級
d,definitive,adj.,最後的、決定性的,中高級
d,defy,verb,違抗、反抗,中高級
d,degenerate,verb/adj./noun,衰退、惡化；墮落的；墮落的人,中高級
d,degrade,verb,貶低、侮辱、使惡化,中高級
d,delegation,noun,代表團、委派,中高級
d,deliberate,adj.,故意的；小心謹慎的,中高級
d,deliberate,verb,仔細考慮,中高級
d,delinquent,noun,青少年犯,中高級
d,delinquent,adj.,犯法的；逾期未付的,中高級
d,demise,noun,終止、死亡,中高級
d,demonstrator,noun,示威者；示範者,中高級
d,denial,noun,否認、拒絕,中高級
d,denote,verb,象徵、意指,中高級
d,denounce,verb,譴責、告發,中高級
d,density,noun,濃度、密度,中高級
d,dental,adj.,牙齒的、牙科的,中高級
d,depict,verb,描繪、描述,中高級
d,deplete,verb,消耗、耗盡,中高級
d,deploy,verb,部署(軍隊或武器)、有效利用,中高級
d,deployment,noun,部署、有效利用,中高級
d,deport,verb,驅逐出境,中高級
d,deprive,verb,剝奪、使喪失,中高級
d,derive,verb,來自、衍生、獲得,中高級
d,descend,verb,下來、下降,中高級
d,descendant,noun,後裔,中高級
d,descent,noun,下來、下降；血統,中高級
d,descriptive,adj.,描寫的、敘述的,中高級
d,designate,verb,指定、指派、標明,中高級
d,designate,adj.,新任命的,中高級
d,despise,verb,鄙視、看不起,中高級
d,destined,adj.,注定的、預定的,中高級
d,destiny,noun,命運,中高級
d,detach,verb,拆卸、使分離、派遣,中高級
d,detached,adj.,分離的；不帶感情的、超然的,中高級
d,detain,verb,拘留、耽擱,中高級
d,detection,noun,偵查、探測,中高級
d,detention,noun,拘留、扣押、(作為懲罰的)課後留校,中高級
d,deter,verb,阻止、威懾、使斷念,中高級
d,deteriorate,verb,變壞、惡化,中高級
d,deterioration,noun,惡化,中高級
d,devalue,verb,(貨幣)貶值、貶低,中高級
d,devastate,verb,重創、摧毀、使震驚或悲痛,中高級
d,devastating,adj.,毀滅性的、驚人的,中高級
d,developed,adj.,先進的、已開發的、成熟的,中高級
d,developer,noun,開發商、開發者,中高級
d,developing,adj.,發展中的、開發中的,中高級
d,deviate,verb,偏離、脫軌,中高級
d,devour,verb,狼吞虎嚥、吞噬、如飢似渴地讀,中高級
d,dew,noun,露水,中高級
d,diabetes,noun,糖尿病,中高級
d,diagnose,verb,診斷,中高級
d,diagnosis,noun,診斷,中高級
d,diagram,noun,圖表、示意圖,中高級
d,diameter,noun,直徑,中高級
d,diaper,noun,尿布,中高級
d,dictator,noun,獨裁者,中高級
d,dictatorship,noun,獨裁統治、獨裁國家,中高級
d,diesel,noun,柴油,中高級
d,differentiate,verb,區分、使不同,中高級
d,diffuse,verb,擴散、散佈、(光)漫射,中高級
d,dilemma,noun,困境,中高級
d,dilute,verb/adj.,稀釋、削弱；稀釋的,中高級
d,dimension,noun,尺寸；方面、面向,中高級
d,diminish,verb,減少、削弱、貶損,中高級
d,diplomacy,noun,外交、外交技巧,中高級
d,diplomatic,adj.,外交的、圓滑的,中高級
d,directive,noun,指令、命令,中高級
d,directory,noun,目錄、指南,中高級
d,disability,noun,缺陷、障礙,中高級
d,disable,verb,使喪失能力、使無效或不能運轉,中高級
d,disagreement,noun,意見不一、分歧,中高級
d,disastrous,adj.,災難性的、完全失敗的,中高級
d,disbelief,noun,不信、懷疑,中高級
d,discern,verb,識別、察覺出、分辨出,中高級
d,discharge,verb/noun,准許(某人)離開、排出、放電,中高級
d,disciple,noun,信徒、追隨者,中高級
d,disciplinary,adj.,紀律的、懲戒的,中高級
d,disclose,verb,揭露、使顯露,中高級
d,disclosure,noun,揭露、公開(的事情),中高級
d,discomfort,noun,不舒服、不自在,中高級
d,discredit,verb/noun,名譽受損,中高級
d,discreet,adj.,謹慎的、考慮周延的,中高級
d,discrepancy,noun,差異、不一致,中高級
d,discrete,adj.,分離的,中高級
d,discretion,noun,決定權、判斷力,中高級
d,discriminate,verb,辨別；歧視,中高級
d,discrimination,noun,歧視；辨別能力,中高級
d,disgrace,noun/verb,恥辱、丟臉(的人或事)；丟臉,中高級
d,disgraceful,adj.,可恥的、不光彩的,中高級
d,disintegrate,verb,碎裂、崩潰瓦解,中高級
d,dismantle,verb,拆解(機器或結構)、廢除,中高級
d,dismay,noun/verb,沮喪、失望,中高級
d,dismissal,noun,解雇、不予考慮、駁回,中高級
d,dispatch,verb/noun,派遣、發送=despatch(BritishEnglish),中高級
d,dispatch,noun,快訊=despatch(BritishEnglish),中高級
d,dispensable,adj.,可有可無的、不重要的,中高級
d,dispense,verb,分發、提供、配藥,中高級
d,disperse,verb,驅散、散開、傳播,中高級
d,displace,verb,取代、迫使離開、移開,中高級
d,displease,verb,使不高興,中高級
d,disposable,adj./noun,拋棄式的；拋棄式物品,中高級
d,disposal,noun,處理、清除、處置權,中高級
d,dispose,verb,配置、處理、使傾向於,中高級
d,disposition,noun,性情、傾向,中高級
d,disregard,verb/noun,不顧、漠視,中高級
d,disrupt,verb,擾亂、中斷,中高級
d,dissent,noun/verb,異議、持不同意見,中高級
d,dissident,noun/adj.,持不同政見者；持不同政見的,中高級
d,dissipate,verb,消散、消磨、揮霍,中高級
d,dissuade,verb,勸阻,中高級
d,distill,verb,蒸餾、濃縮=distil(BritishEnglish),中高級
d,distinctive,adj.,有特色的,中高級
d,distort,verb,使變形、曲解,中高級
d,distract,verb,使分心,中高級
d,distraction,noun,分散注意力的事、消遣,中高級
d,distress,noun/verb,苦惱、危難；使苦惱,中高級
d,distributed,adj.,[電腦]分散式的、分布的,中高級
d,distributor,noun,經銷商,中高級
d,disturbed,adj.,有精神病的、不幸的、心煩的,中高級
d,disturbing,adj.,令人不安的、引起煩惱的,中高級
d,diverse,adj.,多元的、不同的,中高級
d,diversify,verb,使多樣化,中高級
d,diversion,noun,分散注意力之物；消遣、娛樂,中高級
d,diversity,noun,差異、多樣性,中高級
d,divert,verb,使轉向、改道、使分心,中高級
d,dividend,noun,股利,中高級
d,doctrine,noun,教義、信條,中高級
d,documentary,noun/adj.,紀錄片；紀實的、文書的,中高級
d,dodge,verb/noun,躲避、閃躲,中高級
d,domain,verb,提倡、支持,中高級
d,domain,noun,領域、範圍,中高級
d,dome,noun,圓屋頂、穹頂,中高級
d,donation,noun,捐贈(物),中高級
d,donor,noun/adj.,捐贈者、器官捐獻者,中高級
d,doom,noun,厄運、死亡,中高級
d,doom,verb,注定(失敗),中高級
d,doomed,adj.,注定失敗的,中高級
d,doorstep,noun,門階,中高級
d,doorway,noun,門口,中高級
d,dosage,noun,(藥)劑量,中高級
d,doubtless,adv.,無疑地、必定地,中高級
d,dough,noun,麵糰,中高級
d,drainage,noun,排水系統,中高級
d,drape,verb,披、垂掛,中高級
d,drape,noun,(窗)簾,中高級
d,drastic,adj.,猛烈的、嚴厲的,中高級
d,drawback,noun,缺點、不利條件,中高級
d,dreary,adj.,陰鬱的、沉悶的,中高級
d,dressing,noun,穿戴；(拌沙拉等的)調味醬,中高級
d,driveway,noun,車道=drive(road),中高級
d,drizzle,noun/verb,毛毛雨;下毛毛雨,中高級
d,dual,adj.,兩的、雙重的,中高級
d,dub,verb,把…稱為、起綽號；配音,中高級
d,dubious,adj.,懷疑的、可疑的、未定的,中高級
d,duplicate,verb/noun/adj.,複製；複製品；複製的,中高級
d,dwarf,verb/noun/adj.,使顯得矮小；侏儒；矮小的,中高級
d,dwell,verb,居住,中高級
d,dwelling,noun,住所,中高級
d,dying,adj.,臨終的,中高級
d,dynamite,noun/verb,炸藥、炸毀,中高級
e,earphones,noun,耳機,中高級
e,ebb,noun/verb,退潮、衰退,中高級
e,eccentric,adj./noun,古怪的、怪人,中高級
e,eclipse,noun,日蝕、月蝕；衰落,中高級
e,eclipse,verb,遮蔽、使黯然失色,中高級
e,ecological,adj.,生態學的,中高級
e,ecology,noun,生態(學),中高級
e,ecosystem,noun,生態系統,中高級
e,ecstasy,noun,狂喜、陶醉,中高級
e,ecstatic,adj.,狂喜的,中高級
e,edged,adj.,有稜(邊)的、有刀刃的,中高級
e,educated,adj.,受過教育的、有教養的,中高級
e,eel,noun,鰻,中高級
e,ego,noun,自我、自尊,中高級
e,eject,verb,逐出、彈出,中高級
e,elapse,verb,(時間)消逝,中高級
e,electoral,adj.,選舉的,中高級
e,electorate,noun,全體選民,中高級
e,electron,noun,電子,中高級
e,elevate,verb,使上升、提高,中高級
e,elevated,adj.,升高的、高尚的,中高級
e,elevation,noun,海拔、高處、提升,中高級
e,elicit,verb,引起,中高級
e,eligibility,noun,資格、符合條件,中高級
e,eligible,adj.,有資格的、合適的,中高級
e,elite,noun/adj.,精英；精英的,中高級
e,eloquence,noun,口才、雄辯,中高級
e,eloquent,adj.,口才好的、雄辯的,中高級
e,embargo,noun/verb,禁運、禁止,中高級
e,embark,verb,上船(或飛機等)；開始、著手做,中高級
e,embarrassment,noun,難堪、窘迫,中高級
e,embed,verb,埋置、嵌入,中高級
e,embody,verb,體現、具體化,中高級
e,embrace,verb/noun,擁抱,中高級
e,embrace,verb,欣然接受、包含,中高級
e,embryo,noun/adj.,胚胎、初期,中高級
e,emergence,noun,出現,中高級
e,emigrant,noun,(移居國外的)移民,中高級
e,emigrate,verb,移居(國外),中高級
e,emigration,noun,移民(國外),中高級
e,emission,noun,(氣體、熱、光等)排放或散發、排放物,中高級
e,emit,verb,排放或散發(氣體、熱、光等),中高級
e,emphatic,adj.,強調的、堅決的、明確的,中高級
e,empirical,adj.,實證的、經驗主義的,中高級
e,enact,verb,制定、頒布,中高級
e,enclosure,noun,圈地、圍起來的區域；(信的)附件,中高級
e,encyclopedia,noun,百科全書,中高級
e,endeavor,verb/noun,努力=endeavour(BritishEnglish),中高級
e,endless,adj.,無盡的、無休止的,中高級
e,endorse,verb,贊同、代言、(簽名)背書,中高級
e,endow,verb,捐贈、賦予,中高級
e,endowment,noun,捐贈、捐款、天賦,中高級
e,energize,verb,使精力充沛、供給能量,中高級
e,enforcement,noun,執行（法律）,中高級
e,engaged,adj.,忙於…的、訂婚的,中高級
e,engagement,noun,訂婚、約定,中高級
e,enlighten,verb,啟發、教導,中高級
e,enrich,verb,使富裕、使豐富,中高級
e,ensue,verb,接著發生,中高級
e,entail,verb,牽涉、使必要,中高級
e,enthusiast,noun,熱衷…的人,中高級
e,entity,noun,實體、獨立存在體,中高級
e,entrepreneur,noun,企業家、創業者,中高級
e,environmentalist,noun,環保主義者、環保人士,中高級
e,envisage,verb,想像、設想,中高級
e,envoy,noun,外交使節,中高級
e,enzyme,noun,酶、酵素,中高級
e,epic,noun/adj.,史詩；史詩的、壯麗的,中高級
e,epidemic,noun/adj.,流行疾病；氾濫的,中高級
e,episode,noun,一個事件、一集(劇),中高級
e,epoch,noun,時代、紀元,中高級
E,EQ,noun,情緒商數=emotionalquotient,中高級
e,equate,verb,等於、使相等,中高級
e,equation,noun,方程式、平衡,中高級
e,equator,noun,赤道,中高級
e,equilibrium,noun,平衡、均勢,中高級
e,equity,noun,公平、公正,中高級
e,erode,verb,腐蝕、侵蝕,中高級
e,erosion,noun,腐蝕、侵蝕,中高級
e,erotic,adj.,色情的,中高級
e,erroneous,adj.,錯誤的,中高級
e,erupt,verb,(火山)爆發、突然發生,中高級
e,eruption,noun,爆發,中高級
e,escalate,verb,逐步擴大、惡化,中高級
e,escort,noun/verb,護衛者；護送,中高級
e,essence,noun,本質；精油,中高級
e,established,adj.,已確立的、著名的,中高級
e,establishment,noun,建立、機構,中高級
e,esteem,noun/verb,尊敬,中高級
e,eternal,adj.,永恆的、永不停止的,中高級
e,eternity,noun,永恆、永生、漫長時間,中高級
e,ethic,noun,倫理準則,中高級
e,ethical,adj.,倫理的、道德的,中高級
e,ethics,noun,倫理(學)、倫理觀,中高級
e,ethnic,adj.,種族的、民族的,中高級
e,evacuate,verb,撤離、疏散,中高級
e,evacuation,noun,撤離、疏散,中高級
e,evaluation,noun,評估、評價,中高級
e,evaporate,verb,蒸發、消失,中高級
e,evaporation,noun,蒸發、消失,中高級
e,evergreen,adj./noun,常青的；常青植物,中高級
e,evoke,verb,喚起、引起,中高級
e,exaggeration,noun,誇張、誇大,中高級
e,examinee,noun,應試者、受檢者,中高級
e,exceed,verb,超出,中高級
e,exceedingly,adv.,極度地,中高級
e,excel,verb,勝過、優於,中高級
e,excerpt,noun/verb,摘錄,中高級
e,excess,adj.,過量的,中高級
e,excess,noun,過量、超過,中高級
e,excessive,adj.,過度的、過量的,中高級
e,exclude,verb,拒絕在外、排除,中高級
e,exclusion,noun,排除(之事物),中高級
e,exclusive,adj.,除外的；專用的、獨有的,中高級
e,exclusive,noun,獨家新聞,中高級
e,execute,verb,執行；處死,中高級
e,execution,noun,執行；處以死刑,中高級
e,exemplify,verb,為…典型、舉例說明,中高級
e,exempt,adj./verb,豁免的、免除的；豁免、免除,中高級
e,exert,verb,施加、行使,中高級
e,exile,noun/verb,流亡(者)、放逐,中高級
e,existing,adj.,現行的、現存的,中高級
e,exotic,adj.,異國的、奇特的,中高級
e,expedition,noun,遠征(隊)、探險(隊),中高級
e,expel,verb,驅逐、開除；排出,中高級
e,expend,verb,花費、耗費,中高級
e,expenditure,noun,支出、耗費,中高級
e,experienced,adj.,有經驗的,中高級
e,expertise,noun,專業知識、專門技術,中高級
e,expiration,noun,到期、期滿,中高級
e,expire,verb,到期、(期限)終止,中高級
e,explicit,adj.,詳盡的、明確的；露骨的、赤裸的,中高級
e,exploration,noun,探索、研究調查,中高級
e,exposition,noun,闡述；博覽會,中高級
e,expressive,adj.,表現…的、富有表情的,中高級
e,expulsion,noun,驅逐、排出,中高級
e,exquisite,adj.,精美的、精緻的,中高級
e,exterior,noun/adj.,外表；外部的、外面的,中高級
e,external,adj.,外部的、外面的,中高級
e,externals,noun,外貌、外觀,中高級
e,extinguish,verb,熄滅、使破滅,中高級
e,extract,verb,抽出、提取,中高級
e,extract,noun,萃取物；摘要,中高級
e,extracurricular,adj.,課外的,中高級
e,extradite,verb,引渡(逃犯),中高級
e,extravagant,adj.,奢侈浪費的、過度的,中高級
e,extremist,noun/adj.,極端分子(的),中高級
e,eyelash,noun,睫毛=lash,中高級
e,eyelid,noun,眼皮,中高級
f,fabric,noun,織品、布料；結構,中高級
f,fabricate,verb,偽造、杜撰,中高級
f,fabulous,adj.,驚人的、極好的,中高級
f,facet,noun,面、方面,中高級
f,facilitate,verb,使容易、促進,中高級
f,faction,noun,(組織內部的)派系,中高級
f,faculty,noun,全體教職員；才能、(身體)機能,中高級
f,fad,noun,一時的流行,中高級
F,Fahrenheit,noun,華氏溫度,中高級
f,falter,verb,動搖、猶豫；蹣跚；結巴,中高級
f,familiarity,noun,熟悉、親近,中高級
f,famine,noun,饑荒,中高級
f,fascination,noun,魅力、著迷,中高級
f,fatigue,noun,疲憊、勞累,中高級
f,fatty,adj.,肥胖的、脂肪多的,中高級
f,fearful,adj.,恐懼的、擔心的,中高級
f,feasible,adj.,可行的,中高級
f,feat,noun,功績、英勇事蹟,中高級
f,federation,noun,聯邦政府(制度)聯盟,中高級
f,feeble,adj.,虛弱的、薄弱的,中高級
f,feeder,adj.,支流的,中高級
f,feeder,noun,餵食器,中高級
f,fellowship,noun,交情、合夥關係、團體,中高級
f,feminine,adj.,女性(特質)的、陰性的,中高級
f,feminism,noun,女性主義,中高級
f,feminist,noun/adj.,女權主義(者的),中高級
f,fertility,noun,肥沃；生殖力,中高級
f,fiancé,noun,未婚夫未婚夫為fiancé，未婚妻為fiancée,中高級
f,fiber,noun,纖維=fibre(BritishEnglish),中高級
f,fiddle,noun,小提琴,中高級
f,fiddle,verb,隨意擺弄；偽造,中高級
f,fidelity,noun,忠貞、忠誠、精確,中高級
f,filter,verb,過濾；穿透、滲入,中高級
f,filter,noun,過濾器,中高級
f,fin,noun,魚鰭,中高級
f,finding,noun,發現、調查結果、研究結果,中高級
f,finite,adj.,有限的,中高級
f,firecracker,noun,鞭炮,中高級
f,firefighter,noun,消防員=fireman,中高級
f,fireproof,adj.,防火的,中高級
f,first-class,adj./adv.,一流的(地)、頭等的(地)=firstclass,中高級
f,fiscal,adj.,財政的、會計的,中高級
f,fishery,noun,漁業、漁場,中高級
f,fitting,noun,試衣服,中高級
f,fitting,adj.,適合的、恰當的,中高級
f,fixed,adj.,固定的、不變的,中高級
f,fixture,noun,(房屋內)固定裝置或裝潢,中高級
f,flake,noun/verb,小薄片；(成片)脫落,中高級
f,flank,noun/verb,側腹、側面；位於側面,中高級
f,flap,verb,拍打,中高級
f,flap,noun,拍打聲；,中高級
f,flare,noun/verb,火焰、照明彈；燃燒、爆發,中高級
f,flaw,noun/verb,缺點、瑕疵；使有缺陷,中高級
f,fleet,noun,艦隊,中高級
f,flick,verb/noun,輕彈；彈掉(聲),中高級
f,flicker,verb/noun,閃爍、一閃而過,中高級
f,fling,noun,短暫的快樂時光,中高級
f,fling,verb,(用力)扔擲、猛烈地做,中高級
f,flop,verb/noun,重重落下、失敗,中高級
f,flounder,noun,比目魚,中高級
f,flounder,verb,掙扎、陷入困境,中高級
f,flourish,verb,茁壯、繁盛,中高級
f,flourish,noun,(引起注意的)誇張動作,中高級
f,fluctuate,verb,波動、變動,中高級
f,fluency,noun,流利,中高級
f,fluid,noun/adj.,液體；易變的、流暢的、流動的,中高級
f,flunk,verb,(使)不及格,中高級
f,flutter,verb/noun,振翅、(旗)飄揚、不規則跳動,中高級
f,foe,noun,敵人,中高級
f,foil,noun,(金屬)箔；陪襯物,中高級
f,foil,verb,阻止,中高級
f,folklore,noun,民間傳說、民俗,中高級
f,follow-up,noun,後續(行動),中高級
f,footage,noun,一段影片,中高級
f,footstep,noun,腳步(聲),中高級
f,forbidden,adj.,禁止的,中高級
f,foremost,adj.,最重要的、最佳的,中高級
f,forge,noun,熔鐵廠,中高級
f,forge,verb,鍛造、偽造、創造,中高級
f,format,noun/verb,模式、格式；編排格式、格式化,中高級
f,formidable,adj.,令人敬畏的、難對付的,中高級
f,formulate,verb,制訂、構想、闡明,中高級
f,forsake,verb,拋棄、摒棄,中高級
f,forthcoming,adj.,即將到來的,中高級
f,fortify,verb,加強、增強,中高級
f,fortnight,noun,兩星期,中高級
f,forum,noun,論壇、討論會,中高級
f,fossil,noun/adj.,化石、守舊的人；化石的、守舊的,中高級
f,foster,adj./verb,寄養的；寄養、培養,中高級
f,foul,adj.,糟糕的、粗鄙的,中高級
f,foul,verb,犯規、弄髒,中高級
f,foul,noun,犯規,中高級
f,fowl,noun,家禽、鳥,中高級
f,fraction,noun,分數、小部分、一點點,中高級
f,fracture,noun/verb,斷裂、骨折,中高級
f,fragile,adj.,易碎的、脆弱的、纖細的,中高級
f,fragment,noun/verb,碎片；(使成)碎片,中高級
f,fragrant,adj.,芳香的,中高級
f,frail,adj.,虛弱的、易損壞的,中高級
f,framework,noun,架構、體系,中高級
f,franc,noun,法郎,中高級
f,franchise,noun/verb,加盟權、加盟商店；給予加盟權,中高級
f,frantic,adj.,發狂似的、緊張忙亂的,中高級
f,fraud,noun,詐騙、騙子,中高級
f,freak,adj./noun,怪異的；怪人、怪物,中高級
f,freak,verb,嚇壞、極度激動,中高級
f,fret,verb,苦惱、發愁,中高級
f,friction,noun,摩擦(力)、不和,中高級
f,fringe,noun,邊緣；穗狀物,中高級
f,fringe,verb,邊緣有著,中高級
f,frontier,noun,邊境；新領域,中高級
f,front-page,adj.,頭版的、重要的,中高級
f,fruitful,adj.,有成果的、富饒多產的,中高級
f,frustration,noun,沮喪、挫折,中高級
f,fume,verb,發怒；冒煙,中高級
f,fumes,noun,(有害的)煙、廢氣,中高級
f,fundamentalism,noun,基要主義、基本教義派,中高級
f,fundamentalist,noun/adj.,基要主義者、基本教義派人士；基要主義的、基本教義派的,中高級
f,funding,noun,基金、經費,中高級
f,furnace,noun,火爐、暖氣爐,中高級
f,fury,noun,狂怒、狂暴,中高級
f,fuse,noun,保險絲、引線,中高級
f,fuse,verb,熔合、結合,中高級
f,fusion,noun,融合,中高級
f,fuss,noun/verb,大驚小怪、(對小事)過於煩惱,中高級
g,galaxy,noun,星系、銀河(系),中高級
g,gallop,noun/verb,(馬)疾馳,中高級
g,garment,noun,衣服、穿著,中高級
g,gaseous,adj.,氣體(狀態)的,中高級
g,gasp,noun/verb,倒抽一口氣、喘氣,中高級
g,gathering,noun,集會,中高級
g,gathering,noun,收集,中高級
g,gathering,adj.,增加的,中高級
g,gauge,verb/noun,測量、判斷；測量儀器,中高級
g,gel,verb/noun,膠化、凝膠,中高級
g,gender,noun,性別,中高級
g,generalize,verb,概括、歸納,中高級
g,generate,verb,造成、創造、產生(熱、光、電),中高級
g,generator,noun,發電機、產生器,中高級
g,genetic,adj.,基因的,中高級
g,genetics,noun,遺傳學,中高級
g,genre,noun,(文藝作品)類型,中高級
g,geographical,adj.,地理的=geographic,中高級
g,geology,noun,地質學,中高級
g,geometry,noun,幾何學,中高級
g,ghetto,noun,貧民區,中高級
g,gilt,adj./noun,鍍金的；鍍金,中高級
g,given,adj.,規定的、特定的,中高級
g,given,prep.,考慮到、鑒於,中高級
g,glacier,noun,冰河,中高級
g,glamor,noun,魅力=glamour(BritishEnglish),中高級
g,glamorous,adj.,富有魅力的、迷人的,中高級
g,gland,noun,腺,中高級
g,glare,verb/noun,怒視、發出強光；刺眼的光,中高級
g,glassware,noun,玻璃器皿,中高級
g,gleam,verb/noun,閃亮、閃爍；反光、閃光,中高級
g,glee,noun,高興、歡欣,中高級
g,glisten,verb,閃耀、閃亮,中高級
g,glitter,verb/noun,閃爍、閃光；閃光、亮片,中高級
g,gloom,noun,憂鬱、陰暗,中高級
g,gloomy,adj.,憂鬱的、陰暗的,中高級
g,gnaw,verb,嚙、啃、折磨,中高級
g,go-ahead,noun,許可,中高級
g,go-ahead,adj.,有進取心的,中高級
g,goalkeeper,noun,守門員,中高級
g,gobble,verb,狼吞虎嚥,中高級
g,going,noun/adj.,離去、進展；進行中的,中高級
g,goodwill,noun,親善、友好；商譽,中高級
g,gore,verb/noun,(動物)用角牴破；傷口凝血,中高級
g,gorge,noun,峽谷,中高級
g,gorge,verb,塞飽、狼吞虎嚥,中高級
g,gorgeous,adj.,漂亮的、極好的,中高級
g,gorilla,noun,大猩猩,中高級
g,gospel,noun,福音(書)、教義,中高級
g,governmental,adj.,政府的,中高級
g,grammatical,adj.,合乎文法的、文法的,中高級
g,graph,noun,圖表,中高級
g,graphic,adj.,繪畫的、生動的,中高級
g,grasshopper,noun,蚱蜢、蝗蟲,中高級
g,grassy,adj.,長滿青草的,中高級
g,grate,noun,金屬爐架,中高級
g,grate,verb,磨碎、摩擦；使煩躁,中高級
g,graze,verb,(牛羊等)吃草；擦破(皮膚),中高級
g,graze,noun,擦傷,中高級
g,grease,noun/verb,油脂、油膩；塗油脂,中高級
g,greed,noun,貪心,中高級
g,grill,noun/verb,烤架；燒烤,中高級
g,grim,adj.,令人沮喪的、憂愁嚴肅的,中高級
g,grip,verb,緊握、吸引注意力,中高級
g,grip,noun,緊握、控制,中高級
g,groan,verb/noun,呻吟、抱怨,中高級
g,grocer,noun,食品雜貨商,中高級
g,groove,noun,溝、槽,中高級
g,grope,verb/noun,摸索、探索、猥褻；猥褻,中高級
g,gross,adj.,總共的；噁心的,中高級
g,gross,verb/noun,總共獲利、總額,中高級
g,grove,noun,小樹林、果園,中高級
g,growl,verb/noun,(因憤怒)低沉吼叫；咆哮聲,中高級
g,grumble,verb/noun,抱怨、(發)牢騷,中高級
g,guaranteed,adj.,必定的、保證的,中高級
g,guerrilla,noun,游擊隊(員)=guerilla,中高級
g,guideline,noun,指導方針,中高級
g,guild,noun,同業公會、協會,中高級
g,guitarist,noun,吉他手,中高級
g,gulp,verb,大口吃喝、倒吸氣,中高級
g,gulp,noun,吞、嚥,中高級
g,gunman,noun,持槍歹徒,中高級
g,gust,noun,一陣(強風),中高級
g,gust,verb,強勁地吹,中高級
g,gut,noun,腸、內臟、勇氣、直覺,中高級
g,gut,verb,取出內臟、拆毀,中高級
g,gymnasium,noun,體育館=gym,中高級
g,gypsy,noun,吉普賽人、吉普賽語,中高級
h,habitat,noun,棲息地,中高級
h,hack,noun,寫手、騎乘用的馬,中高級
h,hack,verb,劈砍、(遭)駭,中高級
h,hacker,noun,駭客,中高級
h,hail,verb,招喊、喝采、譽為、下冰雹,中高級
h,hail,noun,雹、冰雹,中高級
h,hairstyle,noun,髮型,中高級
h,half-time,noun,中場休息,中高級
h,halve,verb,對分、減半,中高級
h,hamper,noun,有蓋的籃子,中高級
h,hamper,verb,妨礙、牽制,中高級
h,handbook,noun,手冊、指南,中高級
h,handicraft,noun,手工藝(品),中高級
h,handout,noun,講義、印刷品；施捨物、救濟款,中高級
h,harass,verb,煩擾、騷擾,中高級
h,harassment,noun,煩惱、騷擾,中高級
h,hardline,adj.,強硬的、不妥協的=hard-line,中高級
h,hardliner,noun,強硬派,中高級
h,hardwood,noun,硬木、闊葉木,中高級
h,hardy,adj.,吃苦耐勞的、(植物)耐寒的,中高級
h,harmless,adj.,無害的、無惡意的,中高級
h,harmonica,noun,口琴,中高級
h,harness,verb,(為馬)上輓具、利用,中高級
h,harness,noun,馬具、繫帶,中高級
h,haste,noun,急忙、匆忙,中高級
h,hasten,verb,加速、趕緊,中高級
h,hateful,adj.,憎恨的、討厭的,中高級
h,haul,noun,(一次)漁獲量、非法獲得物,中高級
h,haul,verb,拖、拉、搬運,中高級
h,haunt,noun,常去的地方,中高級
h,haunt,verb,鬧鬼、使困擾,中高級
h,haven,noun,避風港、避難所,中高級
h,hazard,noun/verb,危險、冒險；使遭受危險,中高級
h,hazardous,adj.,危險的,中高級
h,heading,noun,標題,中高級
h,head-on,adv./adj.,迎頭、正面針對地；迎面的,中高級
h,healthful,adj.,有益健康的,中高級
h,hearing,noun,聽(力)、聽證會,中高級
h,hearty,adj.,衷心熱忱的、精力充沛的、食物豐盛的,中高級
h,heated,adj.,熱的、激昂的,中高級
h,heating,noun,供暖系統、暖氣設備,中高級
h,heave,verb/noun,(用力)舉起、起伏,中高級
h,heavyweight,noun,重量級(選手、拳擊手)、重要的人,中高級
h,hedge,noun,籬笆、防備措施,中高級
h,hedge,verb,圍住、迴避,中高級
h,heed,verb/noun,注意、聽從,中高級
h,heighten,verb,加高、增強,中高級
h,heir,noun,繼承者,中高級
h,helpless,adj.,無助的、無奈的、徒勞的,中高級
h,hemisphere,noun,(地球)半球、範圍,中高級
h,henceforth,adv.,從今以後,中高級
h,herald,verb/noun,預示…來臨；預兆、預報者,中高級
h,herb,noun,草本植物、藥草,中高級
h,hereafter,adv./noun,此後、今後；來世,中高級
h,heritage,noun,遺產、傳統,中高級
h,hermit,noun,隱士,中高級
h,heroic,adj.,英雄的、英勇的,中高級
h,heroin,noun,海洛因,中高級
h,heterosexual,adj./noun,異性戀的；異性戀者,中高級
h,hierarchy,noun,階級制度,中高級
h,highlight,verb,強調、使顯著,中高級
h,highlight,noun,最精彩突出的部分,中高級
h,hillside,noun,小山坡,中高級
h,hinder,verb,阻礙,中高級
h,hinge,verb/noun,安裝鉸鏈、取決於；鉸鏈,中高級
h,hiss,verb/noun,發出嘶嘶聲、發噓聲；嘶嘶聲、噓聲,中高級
h,hoarse,adj.,嗓音沙啞的,中高級
h,hockey,noun,曲棍球,中高級
h,holder,noun,持有者、保持者,中高級
h,holding,noun,持有股份、私有財產,中高級
h,homeless,adj./noun,無家的；無家可歸者,中高級
h,homogeneous,adj.,同質的、同種的=homogenous,中高級
h,homosexual,adj./noun,同性戀的；同性戀者,中高級
h,honk,noun/verb,(汽車)喇叭聲；鳴(汽車)喇叭,中高級
h,honorary,adj.,名譽(職位)的,中高級
h,hood,noun,兜帽、防護罩、車篷,中高級
h,hoof,noun,蹄,中高級
h,hopeless,adj.,無望的、絕望的,中高級
h,horizontal,adj./noun,水平的；水平面、橫切面,中高級
h,hormone,noun,賀爾蒙,中高級
h,horsepower,noun,馬力,中高級
h,hospitable,adj.,好客的、(氣候或環境)宜人的,中高級
h,hospitality,noun,好客,中高級
h,hospitalize,verb,使住院治療,中高級
h,hostile,adj,敵方的、懷敵意的,中高級
h,hostility,noun,敵意、戰爭行動,中高級
h,hound,noun,獵犬,中高級
h,hound,verb,跟蹤、煩擾,中高級
h,hover,verb,(鳥或直升機)盤旋、徘徊停留,中高級
h,howl,verb/noun,大聲叫喊、(風)呼嘯；號叫聲、呼嘯聲,中高級
h,hull,noun,船身、(果實的)殼,中高級
h,hull,verb,除去(水果、蔬菜等的)皮(或莖、葉),中高級
h,humanitarian,adj./noun,人道主義的；人道主義者,中高級
h,humiliate,verb,羞辱、使難堪,中高級
h,humiliation,noun,恥辱,中高級
h,hunch,noun,預感、直覺,中高級
h,hunch,verb,使弓起、聳肩,中高級
h,hurdle,noun/verb,（跨欄比賽中的）欄架、障礙、難題；跨過,中高級
h,hurl,verb,猛力投擲、大聲叫罵,中高級
h,hybrid,noun/adj.,(動植物)雜種、混合物；雜種的、混合的,中高級
h,hygiene,noun,衛生,中高級
h,hymn,noun/verb,聖歌、讚美詩；唱聖歌、唱讚美詩,中高級
h,hypocrisy,noun,虛偽、偽善,中高級
h,hypocrite,noun,偽君子,中高級
h,hypothesis,noun,假設,中高級
h,hysterical,adj.,歇斯底里的,中高級
i,ideological,adj.,意識形態的,中高級
i,ideology,noun,思想體系、意識形態,中高級
i,idiot,noun,笨蛋,中高級
i,ignite,verb,點燃、激起,中高級
i,illuminate,verb,照亮、闡明、使容光煥發,中高級
i,illusion,noun,幻想、假象,中高級
i,immense,adj.,巨大的,中高級
i,immerse,verb,使浸沒、沉浸在,中高級
i,immigrate,verb,(從外地)移居,中高級
i,imminent,adj.,即將發生的、逼近的,中高級
i,immune,adj.,免疫的、免於…的,中高級
i,impair,verb,損害、削弱,中高級
i,impart,verb,給予、傳授、透露,中高級
i,imperative,adj.,重要緊急的、祈使語氣的,中高級
i,imperative,noun,必須履行的責任、必要的事,中高級
i,impetus,noun,推動力、刺激,中高級
i,implicit,adj.,不直接言明的、內含的、完全的,中高級
i,imposing,adj.,壯觀的、使印象深刻的,中高級
i,imprison,verb,監禁,中高級
i,imprisonment,noun,監禁,中高級
i,impulse,noun,一時衝動、推動力,中高級
i,impulsive,adj.,衝動的、易衝動的,中高級
i,inability,noun,無能(力),中高級
i,inaugurate,verb,為…舉行就職典禮、開展,中高級
i,incense,noun,（在宗教儀式上焚燒的）香,中高級
i,incense,verb,激怒,中高級
i,incentive,noun,鼓勵、誘因,中高級
i,incidence,noun,發生率、影響範圍,中高級
i,incidental,adj.,附帶的、偶然發生的、次要的,中高級
i,incidentally,adv.,順便提一句、偶然地,中高級
i,incline,verb/noun,傾斜、傾向；斜坡,中高級
i,inclusive,adj.,包含(全部費用)的、範圍廣泛的,中高級
i,incorporate,verb,包含、使併入,中高級
i,incumbent,noun/adj.,在職者；現任的,中高級
i,incur,verb,招致、引起,中高級
i,indefinite,adj.,未確定的、無限期的,中高級
i,index,noun/verb,索引、指數；將…編入索引,中高級
i,indicative,adj./noun,標示的、表明的；陳述語氣,中高級
i,indicator,noun,指示物、指標,中高級
i,indictment,noun,控告、刑事起訴書、(社會或制度)腐敗,中高級
i,indifference,noun,漠不關心、不感興趣,中高級
i,indifferent,adj.,漠不關心的、不感興趣的,中高級
i,indigenous,adj.,本土的、土生土長的,中高級
i,indignant,adj.,憤慨的、憤怒的,中高級
i,indignation,noun,憤慨、憤怒,中高級
i,indispensable,adj.,不可或缺的,中高級
i,induce,verb,勸說、誘使、引起,中高級
i,indulge,verb,沉迷、滿足(慾望、興趣)、縱容,中高級
i,inertia,noun,缺乏活力、惰性,中高級
i,infantry,noun,步兵,中高級
i,infectious,adj.,傳染性的、患傳染病的、有感染力的,中高級
i,infinite,adj.,極大的、無邊無限的,中高級
i,inflict,verb,使遭受(打擊或損傷)、強加,中高級
i,infrastructure,noun,基礎建設(如公路、鐵路等),中高級
i,ingenious,adj.,精巧的、新穎獨特的,中高級
i,ingenuity,noun,獨創力、聰明才智,中高級
i,inhabit,verb,居住於、棲息於,中高級
i,inherent,adj.,固有的、內在的,中高級
i,inhibit,verb,禁止、約束,中高級
i,inhibited,adj.,約束的、拘謹的,中高級
i,inhibition,noun,抑制、禁止,中高級
i,initiate,verb/noun,創始、開始實施、使初步了解；新加入者,中高級
i,initiative,noun,主動權、倡議、首創精神,中高級
i,injustice,noun,不公正、非正義,中高級
i,inland,adj./adv.,內陸的；在內陸,中高級
i,inlet,noun,水灣,中高級
i,inmate,noun,(監獄中的)囚犯,中高級
i,inning,noun,(棒球)局、回合,中高級
i,innovation,noun,革新、新方法,中高級
i,innovative,adj.,創新的,中高級
i,innumerable,adj.,很多的,中高級
i,insane,adj.,瘋狂的、精神失常的,中高級
i,insecticide,noun,殺蟲劑,中高級
i,insecure,adj.,缺乏信心的、不安全的,中高級
i,insider,noun,知內情者、內部的人,中高級
i,insight,noun,洞察力、領悟,中高級
i,insistence,noun,堅決要求、堅持,中高級
i,insistent,adj.,堅持的、持續不斷的,中高級
i,inspection,noun,視察、檢查,中高級
i,instability,noun,(形勢)不穩定,中高級
i,installation,noun,安裝、設備、(工業或軍事)設施,中高級
i,installment,noun,(分期付款的)一期付款=instalment(BritishEnglish),中高級
i,instantaneous,adj.,立即的、瞬間的,中高級
i,instinctive,adj.,本能的、直覺的、天生的,中高級
i,institutional,adj.,機構的,中高級
i,instrumental,adj.,起重要作用的、用樂器演奏的,中高級
i,insulate,verb,使隔熱(音)、隔絕,中高級
i,insure,verb,投保、給…保險,中高級
i,insurer,noun,承保人、保險公司,中高級
i,intact,adj.,完好無損的,中高級
i,intake,noun,(食物、飲料的)攝取量,中高級
i,integral,adj.,必需的、完整的,中高級
i,integrate,verb,合併、融入群體,中高級
i,integration,noun,結合、融合,中高級
i,integrity,noun,誠實正直、完整,中高級
i,intellect,noun,智力、才智超群的人,中高級
i,intelligible,adj.,易懂的、容易理解的,中高級
i,intensity,noun,強烈、劇烈,中高級
i,intent,adj.,熱切的、堅持要做的,中高級
i,intent,noun,意圖,中高級
i,inter,verb,埋葬(遺體),中高級
i,interaction,noun,交流、互動,中高級
i,intercourse,noun,性交、(人、國家間的)往來,中高級
i,interim,adj.,暫時的、間歇的,中高級
i,interim,noun,過渡期間,中高級
i,interior,noun/adj.,內部；內部的,中高級
i,intermittent,adj.,間歇的,中高級
i,interruption,noun,阻斷物、中止、打擾,中高級
i,intersection,noun,交叉口、十字路口,中高級
i,intervene,verb,干涉、介入,中高級
i,intervention,noun,干涉、介入,中高級
i,intimacy,noun,親密、關係密切,中高級
i,intimidate,verb,恐嚇、威脅,中高級
i,intonation,noun,語調、抑揚頓挫,中高級
i,intricate,adj.,錯綜複雜的,中高級
i,intrigue,noun,陰謀詭計、引人入勝的複雜情節,中高級
i,intrigue,verb,激起…的興趣,中高級
i,intrinsic,adj.,固有的、內在的、本身的,中高級
i,intrusion,noun,侵擾、闖入,中高級
i,intuition,noun,直覺,中高級
i,invalid,noun,病弱者,中高級
i,invalid,adj.,病弱的、無效的,中高級
i,invaluable,adj.,極有價值的,中高級
i,invariable,adj.,始終如一的、永無變化的,中高級
i,inventory,noun,詳細目錄、存貨(清單),中高級
i,invert,verb,使顛倒、使倒轉,中高級
i,investigation,noun,調查、研究,中高級
i,investigator,noun,調查員,中高級
i,inviting,adj.,誘人的、吸引人的,中高級
i,involvement,noun,參與、捲入,中高級
i,inward,adv.,向中心、向自己=inwards(BritishEnglish),中高級
I,IQ,noun,智商=intelligencequotient,中高級
i,ironic,adj.,諷刺的、(因出乎意料而)好笑的,中高級
i,irony,noun,有諷刺意味的情況、反語,中高級
i,irresistible,adj.,不可遏止的、誘人的,中高級
i,irrespective,adj.,不考慮的、不管的,中高級
i,irrigation,noun,灌溉,中高級
i,irritable,adj.,易怒的、暴躁的,中高級
i,irritate,verb,使煩躁、激怒,中高級
i,irritation,noun,惱怒、發炎,中高級
i,isle,noun,(常用於詩歌和名稱中)島,中高級
i,ivy,noun,常春藤,中高級
j,jack,noun,千斤頂、(紙牌)傑克、(電)插座,中高級
j,jack,verb,用起重機舉起、哄抬(價格等),中高級
j,jade,noun,玉、翡翠、玉器,中高級
j,janitor,noun,門房、管理員,中高級
j,jasmine,noun,茉莉,中高級
j,jaywalk,verb,(無視交通規則)亂穿越馬路,中高級
j,jeer,verb/noun,嘲笑、譏諷；嘲笑或譏諷的言語,中高級
j,jeopardize,verb,危害、損害=jeopardise(BritishEnglish),中高級
j,jerk,verb,猛地一拉(推、扔、動),中高級
j,jerk,noun,笨蛋,中高級
j,jersey,noun,球衣、針織衫,中高級
j,jingle,verb/noun,發出叮噹聲；叮噹聲,中高級
j,jobless,adj.,失業的,中高級
j,jockey,noun,賽馬騎師、（設備、車輛的）操作者,中高級
j,jockey,verb,運用各種手段謀利,中高級
j,journalism,noun,新聞業、新聞工作,中高級
j,joyous,adj.,歡樂的、令人愉快的,中高級
j,judicial,adj.,法庭的、審判的、司法的,中高級
j,judiciary,noun,審判人員、司法系統,中高級
j,jug,noun,(有柄有嘴的)壺、罐,中高級
j,jumper,noun,跳躍者、跳躍動物；套頭衫,中高級
j,junction,noun,匯合、(公路或鐵路)交叉點,中高級
j,justification,noun,正當理由、辯護,中高級
j,justified,adj.,有正當理由的,中高級
j,justify,verb,證明是正當的、為…辯護,中高級
j,juvenile,noun/adj.,少年；少年的、未成熟的,中高級
k,kernel,noun,(堅果的)核、(主題的)中心,中高級
k,killer,noun,殺手、導致死亡的人(事物),中高級
k,killing,noun/adj.,謀殺；致命的、使人精疲力盡的、滑稽的,中高級
k,kin,noun,(統稱)家屬、親戚,中高級
k,kindle,verb,開始燃燒、激起(興趣、感情),中高級
k,know-how,noun,知識、實用技能、竅門,中高級
k,knuckle,noun/verb,指關節、(豬)蹄膀；用指關節敲打,中高級
l,lad,noun,小伙子、少年,中高級
l,lame,adj.,瘸的、站不住腳的、無說服力的,中高級
l,lament,noun/verb,輓歌；對…感到悲痛,中高級
l,landing,noun,樓梯平台、降落、著陸,中高級
l,large-scale,adj.,大規模的、大範圍的,中高級
l,lash,noun/verb,睫毛、鞭打；鞭打、猛擊、怒斥,中高級
l,lasting,adj.,持久的,中高級
l,latent,adj.,潛在的、潛伏的,中高級
l,lava,noun,(火山噴出的)熔岩、岩漿,中高級
l,lavish,adj./verb,奢華的、豪華的；為…提供大量的（金錢）,中高級
l,lawmaker,noun,立法者,中高級
l,lawsuit,noun,訴訟、起訴,中高級
l,layman,noun,門外漢,中高級
l,layout,noun,佈局、佈置、安排,中高級
L,LCD,noun,液晶顯示器=liquidcrystaldisplay,中高級
l,lead-in,noun,(主題、故事的)介紹、開場白,中高級
l,lease,noun/verb,租約；租借、出租,中高級
l,lee,noun/adj.,背風處、避風處,中高級
l,left-wing,adj./noun,左翼、左派,中高級
l,legacy,noun,遺產、遺贈物,中高級
l,legislation,noun,法規、法律,中高級
l,legislative,adj.,立法的、制定法律的,中高級
l,legislator,noun,立法者、立法委員,中高級
l,legislature,noun,立法機關,中高級
l,legitimate,adj.,正當合理的；合法的,中高級
l,lengthy,adj.,長時間的、過長的,中高級
l,lesbian,adj./noun,女同性戀者的；女同性戀,中高級
l,lessen,verb,使降低、使減少,中高級
l,lesser,adj.,較小的、次要的,中高級
l,lest,conj.,免得、以免,中高級
l,lethal,adj.,致命的、具殺傷力的,中高級
l,lever,noun/verb,控制桿；（用槓桿）撬動,中高級
l,levy,noun/verb,稅款；徵稅,中高級
l,liability,noun,（法律上對某事物的）責任,中高級
l,liable,adj.,可能（做某事）；負有償付責任,中高級
l,libel,noun/verb,（文字）誹謗,中高級
l,liberalize,verb,使自由化、放寬對…的限制,中高級
l,liberation,noun,解放,中高級
l,lieutenant,noun,中尉、上尉,中高級
l,lifeboat,noun,救生船,中高級
l,lifeguard,noun,救生員,中高級
l,lifelong,adj.,終身的、畢生的,中高級
l,lighting,noun,照明設備、光線、燈光,中高級
l,lightweight,adj./noun,輕量的；輕量級拳擊手、無影響力的人,中高級
l,likelihood,noun,可能、可能性,中高級
l,likewise,adv.,同樣地、類似地、也,中高級
l,lime,noun,酸橙、萊姆,中高級
l,limousine,noun,豪華轎車=limo,中高級
l,limp,verb/noun,跛行,中高級
l,limp,adj.,無力的、無精神的,中高級
l,linear,adj.,直線的、線性的,中高級
l,liner,noun,郵輪、襯裡,中高級
l,lineup,noun,陣容、節目安排,中高級
l,linger,verb,繼續存留,中高級
l,linguist,noun,通曉外語的人、語言學家,中高級
l,lining,noun,內襯、襯裡,中高級
l,literacy,noun,讀寫能力,中高級
l,literal,adj.,字面意義的、缺乏想像力的,中高級
l,literally,adv.,字面上、確實地,中高級
l,literate,adj.,有讀寫能力的、有文化的,中高級
l,live-in,adj.,住在工作場所的、未婚同居者,中高級
l,livestock,noun,牲畜、家畜,中高級
l,living,noun/adj.,生計、收入；活著的、在使用的,中高級
l,lizard,noun,蜥蜴,中高級
l,llama,noun,美洲駝,中高級
l,loaded,adj.,滿的、富有的、意味深長的,中高級
l,locality,noun,地區、地點,中高級
l,locked,adj.,鎖住的、陷入困境、爭執的,中高級
l,locomotive,noun,移動的、運動的,中高級
l,locomotive,adj.,機車、火車頭,中高級
l,locust,noun,蝗蟲,中高級
l,lodge,noun/verb,鄉間小屋；（向當局）正式提出（聲明等）,中高級
l,lofty,adj.,（建築、山）高聳的、（思想）崇高的,中高級
l,logo,noun,（公司或機構的）標誌、標識,中高級
l,lollipop,noun,棒棒糖,中高級
l,lone,adj.,獨自的、單親的,中高級
l,lonesome,adj.,孤獨的、寂寞的、人煙稀少的,中高級
l,longevity,noun,長壽、持久,中高級
l,longitude,noun,經度,中高級
l,longtime,adj.,為時甚久的,中高級
l,loom,noun,織布機,中高級
l,loom,verb,赫然聳現、逼近,中高級
l,loot,verb/noun,（暴動、火災後）打劫；戰利品,中高級
l,lost,adj.,迷路的、失去的、不知所措的,中高級
l,lottery,noun,彩票抽獎,中高級
l,lotus,noun,蓮花,中高級
l,lounge,noun/verb,等候室；懶洋洋地站（或坐、躺）,中高級
l,lubricate,verb,給…上潤滑油,中高級
l,lucrative,adj.,賺大錢的、獲利多的,中高級
l,lumber,noun,木材、木料,中高級
l,lumber,verb,採伐林木、緩慢笨拙行進、迫使擔負職責,中高級
l,luminous,adj.,發亮的、鮮豔的,中高級
l,lump,noun/verb,塊、隆起；把…合併一起,中高級
l,lunatic,noun/adj.,精神錯亂者；瘋狂的、可笑的,中高級
l,lunchtime,noun,午餐時間,中高級
l,lure,verb/noun,引誘、誘惑,中高級
l,lush,adj.,(植物)茂盛的、繁茂的,中高級
l,lynch,verb,用私刑處死,中高級
l,lyric,adj./noun,抒情的；抒情詩,中高級
m,made-up,adj.,化妝的、不真實的、編造的,中高級
m,mafia,noun,小幫派、社會黑幫,中高級
m,magistrate,noun,地方執法官,中高級
m,magnify,verb,放大、增強,中高級
m,magnitude,noun,重大、重要性,中高級
m,maiden,noun,未婚女子,中高級
m,maiden,adj.,初次的,中高級
m,mainstream,noun,(思想或行為的)主流,中高級
m,maintenance,noun,維護、保養,中高級
m,majestic,adj.,雄偉壯觀的,中高級
m,majesty,noun,雄偉壯觀、莊嚴,中高級
m,making,noun,生產、製造,中高級
m,malaria,noun,瘧疾,中高級
m,mammal,noun,哺乳動物,中高級
m,mandate,noun,(政府或官員經選舉而獲得的)授權,中高級
m,mandate,verb,強制執行,中高級
m,maneuver,verb/noun,操縱、控制；策略、花招、軍事演習=manoeuvre(BritishEnglish),中高級
m,manifest,adj./verb,明顯的；表明(尤指態度、品質),中高級
m,manifest,noun,（船或飛機的）貨單、旅客名單,中高級
m,manifesto,noun,宣言,中高級
m,manipulate,verb,操縱、控制(某人的思想和行為),中高級
m,manuscript,noun,手稿、底稿,中高級
m,maple,noun,楓樹,中高級
m,mar,verb,破壞、損毀,中高級
m,mare,noun,母馬、母驢,中高級
m,marginal,adj./noun,邊緣的；(議會的)邊緣席位,中高級
m,marine,noun/adj.,海軍陸戰隊士兵；海的,中高級
m,marked,adj.,明顯的、顯著的,中高級
m,marketing,noun,促銷、銷售,中高級
m,marsh,noun,溼地、沼澤,中高級
m,marshal,verb/noun,結集、維持秩序；執行官,中高級
m,martial,adj.,軍事的、戰爭的,中高級
m,marvel,noun/verb,令人驚異的人事；感到驚奇,中高級
m,masculine,adj.,男人的、男子漢的,中高級
m,mash,noun/verb,（煮軟的）穀物飼料；搗碎（食物）,中高級
m,massacre,noun/verb,屠殺、殺戮、（在比賽或競選中）徹底擊敗,中高級
m,massage,noun/verb,按摩,中高級
m,massive,adj.,厚重的、巨大的、強烈的,中高級
m,mastery,noun,精通、熟練掌握,中高級
m,materialism,noun,物質主義、唯物主義,中高級
m,mattress,noun,床墊,中高級
m,mayonnaise,noun,蛋黃醬、美乃滋,中高級
m,measurement,noun,測量、尺寸,中高級
m,mechanics,noun,機械學,中高級
m,mechanism,noun,機械裝置、結構、機制,中高級
m,mediate,verb,調解分歧、爭端,中高級
m,medication,noun,藥物、藥劑,中高級
m,medieval,adj.,中世紀的、中古時期的,中高級
m,meditate,verb,冥想、暗自策劃,中高級
m,meditation,noun,冥想、沉思,中高級
m,melancholy,noun/adj.,憂鬱；傷悲、（令人）悲哀的,中高級
m,mellow,adj./verb,（色彩或聲音）柔和豐富的；成熟,中高級
m,menace,noun/verb,危險的事物；威脅、恐嚇,中高級
m,mentality,noun,心態、思想狀況,中高級
m,merchandise,noun/verb,商品；（用廣告等方式）推銷,中高級
m,mercury,noun,汞、水銀,中高級
m,merge,verb,使合併,中高級
m,merger,noun,（公司、組織的）合併,中高級
m,mermaid,noun,（傳說中的）美人魚,中高級
m,metallic,adj.,金屬般的,中高級
m,metaphor,noun,暗喻、隱喻,中高級
m,metric,adj.,公制的,中高級
m,metropolitan,adj.,大城市的、大都會的,中高級
m,midst,noun/prep.,中部、中間,中高級
m,migrant,noun,(為工作)移居者、移民,中高級
m,migrate,verb,移居、遷移,中高級
m,migration,noun,移居、遷移,中高級
m,mileage,noun,英里里程,中高級
m,milestone,noun,轉折點、里程碑,中高級
m,militant,adj./noun,好戰的；激進份子,中高級
m,militia,noun,民兵隊伍、國民自衛隊,中高級
m,miller,noun,磨坊主、磨坊工人,中高級
m,millimeter,noun,毫米、千分之ㄧ米=millimetre(BritishEnglish)=mm,中高級
m,millionaire,noun,百萬富翁、大富豪,中高級
m,mimic,verb/noun,模仿；會模仿的人,中高級
m,mingle,verb,使混合、（尤指社交場所）相交往,中高級
m,miniature,adj./noun,小型的；微型畫、縮微模型,中高級
m,minimal,adj.,極小的、最小的,中高級
m,minimize,verb,把…減至最少量,中高級
m,mining,noun,採礦(業),中高級
m,ministerial,adj.,部長的、大臣的,中高級
m,mint,noun/verb,薄荷、鑄幣廠；鑄造（硬幣）,中高級
m,mint,adj.,（郵票、硬幣等）簇新的,中高級
m,miraculous,adj.,奇蹟般的、不平凡的,中高級
m,miscarriage,noun,流產,中高級
m,mischievous,adj.,頑皮的、招惹是非的、惡意的,中高級
m,miser,noun,吝嗇鬼、守財奴,中高級
m,missionary,noun/adj.,傳教士；傳教的,中高級
m,mistaken,adj.,不正確的、被誤解的,中高級
m,moan,verb/noun,呻吟、抱怨；呻吟聲,中高級
m,mobilize,verb,動員、調動=mobilise(BritishEnglish),中高級
m,mock,verb,嘲笑,中高級
m,mock,adj./noun,模擬的；模擬考試,中高級
m,mode,noun,方式、模式、眾數,中高級
m,modernization,noun,(制度、方法等)現代化,中高級
m,modernize,verb,使(系統、建築等)現代化,中高級
m,modify,verb,(略微地)修改,中高級
m,mold,noun,模具、霉=mould(BritishEnglish),中高級
m,mold,verb,將…塑造成,中高級
m,molecule,noun,分子,中高級
m,momentum,noun,動力,中高級
m,monarch,noun,君主、帝王,中高級
m,monarchy,noun,君主政體,中高級
m,monetary,adj.,貨幣的、錢的,中高級
m,monopoly,noun,壟斷、專利,中高級
m,monotonous,adj.,單調乏味的,中高級
m,monotony,noun,單調乏味、千篇一律,中高級
m,monstrous,adj.,怪異的、道德敗壞的、巨大的,中高級
m,moody,adj.,喜怒無常的、脾氣壞的、感傷的,中高級
m,moor,noun,曠野、高沼地,中高級
m,moor,verb,使停泊,中高級
m,morale,noun,士氣、鬥志,中高級
m,morality,noun,道德、道德標準,中高級
m,mortal,noun,凡人、普通人,中高級
m,mortal,adj.,終將死亡的、致命的,中高級
m,mortar,noun,灰泥、砂漿、迫擊炮、研缽,中高級
m,mortar,verb,用迫擊砲攻擊,中高級
m,mosque,noun,清真寺,中高級
m,moss,noun,苔蘚、地衣,中高級
m,motherhood,noun,母親身分、母性,中高級
m,motive,noun/adj.,動機、目的；引起運動的,中高級
m,motorist,noun,駕車者、開汽車的人,中高級
m,motorway,noun,(英國的)高速公路,中高級
m,motto,noun,座右銘、格言,中高級
m,mound,noun,土墩、小丘、一堆,中高級
m,mount,verb/noun,增加、舉辦；山、托架,中高級
m,mounted,adj.,(尤指士兵或警官)騎馬的、安裝好的,中高級
m,mourn,verb,(因失去…而)哀悼、憂傷,中高級
m,mournful,adj.,憂傷的、悲痛的,中高級
m,mouthpiece,noun,(電話的)話筒、傳聲筒,中高級
m,moving,adj.,令人感動的、移動的,中高級
m,mower,noun,割草機,中高級
m,mule,noun,騾子,中高級
m,multinational,adj./noun,跨國的；跨國公司,中高級
m,multitude,noun,眾多、大量,中高級
m,mumble,verb/noun,嘟噥、喃喃自語,中高級
m,municipal,adj.,市立的、地方政府的,中高級
m,muscular,adj.,肌肉的、強壯的,中高級
m,muse,verb/noun,沉思；(作家、畫家等)的靈感,中高級
m,mustache,noun,上唇的鬍子,中高級
m,mustard,noun,芥末、芥末醬,中高級
m,mute,adj./verb/noun,啞的(過時用法)、沉默；使聲音弱化；弱音器、靜音按鈕,中高級
m,mutter,verb/noun,嘀咕、發牢騷；低語聲,中高級
m,mutton,noun,羊肉,中高級
m,myth,noun,神話故事、普遍卻錯誤的看法,中高級
m,mythology,noun,(統稱)神話、普遍卻錯誤的看法,中高級
n,nadir,noun,最糟的時刻、最低點,中高級
n,nag,verb/noun,嘮叨、不停抱怨；嘮叨的人,中高級
n,naive,adj.,缺乏經驗的、天真的,中高級
n,nanny,noun,保母,中高級
n,narrate,verb,講(故事)、敘述,中高級
n,narrative,noun/adj.,敘述；敘事的,中高級
n,narrator,noun,敘述者、旁白員,中高級
n,nationalism,noun,民族主義,中高級
n,nationalist,adj./noun,民族主義的；民族主義者,中高級
n,nationwide,adj./adv.,全國性的/地,中高級
n,navel,noun,肚臍,中高級
n,navigate,verb,導航、航行、找到正確方法,中高級
n,navigation,noun,導航、領航、航行,中高級
n,nearsighted,adj.,近視的=short-sighted(AmericanEnglish),中高級
n,necessitate,verb,使成為必要,中高級
n,necktie,noun,領帶,中高級
n,negligible,adj.,微不足道的、不值一提的,中高級
n,negotiator,adj.,協商者、談判代表,中高級
n,neighboring,adj.,鄰近的=neighbouring(BritishEnglish),中高級
n,neon,noun,氖、霓虹燈,中高級
n,neutral,adj./noun,中立的、中性色的；中立者,中高級
n,newly,adv.,新當選的、新成立的,中高級
n,newlywed,noun,新婚者,中高級
n,newscast,noun,新聞節目、新聞廣播,中高級
n,newsreel,noun,新聞短片,中高級
n,nibble,verb/noun,小口咬；一小口、(聚會中)點心,中高級
n,nick,verb/noun,使有缺口；刻痕；關鍵時刻,中高級
n,nickel,noun/verb,鎳、(美國和加拿大的)五分硬幣；鍍鎳於,中高級
n,nightclub,noun,夜店,中高級
n,nightingale,noun,夜鶯,中高級
n,nil,noun,零、(體育比賽)0分、無,中高級
n,nitrogen,noun,氮氣,中高級
n,nominal,adj.,名義上的、象徵性的,中高級
n,nominate,verb,提名、推薦、任命,中高級
n,nomination,noun,提名、推薦、任命,中高級
n,nominee,noun,被提名人,中高級
n,nonviolent,adj.,(政策)非暴力的、不訴諸武力的,中高級
n,norm,noun,常態、正常行為、規範,中高級
n,nostril,noun,鼻孔,中高級
n,notable,adj./noun,顯要的、值得注意的；顯要人物,中高級
n,notably,adv.,尤其、特別、非常,中高級
n,notation,noun,(數學、科學、音樂中的)符號,中高級
n,noted,adj.,(以…)聞名,中高級
n,noticeable,adj.,明顯的、顯著的,中高級
n,notify,verb,(正式地)通知、告知,中高級
n,notion,noun,觀念、看法,中高級
n,notorious,adj.,聲名狼藉的、惡名昭彰的,中高級
n,notwithstanding,prep./adv.,雖然、儘管、儘管如此,中高級
n,novelty,noun,新奇、新奇的事物,中高級
n,novice,noun,新手、初學者,中高級
n,nucleus,noun,原子核、細胞核、(…的)核心,中高級
n,nude,adj./noun,裸體的；裸體畫、裸體人像,中高級
n,nuisance,noun,麻煩事、討厭的人,中高級
n,numerical,adj.,數字的、用數字表示的,中高級
n,nurture,verb/noun,養育、培養、滋長,中高級
n,nutritious,adj.,有營養的、營養豐富的,中高級
o,oar,noun,船槳,中高級
o,oasis,noun,綠洲、(困苦中)令人快慰的地方,中高級
o,oath,noun,誓言、誓詞,中高級
o,oatmeal,noun,燕麥粉、燕麥粥、淺棕色,中高級
o,obedience,noun,服從,中高級
o,obituary,noun,訃聞,中高級
o,obligate,verb,迫使、幫忙,中高級
o,obligation,noun,義務、職責、責任,中高級
o,obligatory,adj.,必須的、強制的,中高級
o,oblige,verb,強迫、幫忙,中高級
o,oblong,adj./noun,矩形(的)、橢圓形(的),中高級
o,obscene,adj.,猥褻的、下流的,中高級
o,obscure,adj./verb,鮮為人知的、費解的；使模糊,中高級
o,observer,noun,觀察者、觀察員,中高級
o,obsess,verb,使癡迷、使著迷,中高級
o,obsession,noun,癡迷、使人癡迷的人(或物),中高級
o,obstinate,adj.,固執的、難以去除的,中高級
o,occurrence,noun,發生的事、事件,中高級
o,octopus,noun,章魚,中高級
o,odds,noun,機率、逆境,中高級
o,odor,noun,(尤指難聞的)氣味、臭味=odour(BritishEnglish),中高級
o,offering,noun,禮物、供物、祭品,中高級
o,offset,verb,補償、抵銷,中高級
o,offset,noun/adj.,用膠印法印；平板印刷的,中高級
o,offshore,adj./adv.,海上的、離岸的；(公司或銀行)境外/海外的,中高級
o,offspring,noun,子女、後代,中高級
o,old-fashioned,adj.,老式的、過時的,中高級
o,olive,noun/adj.,橄欖；橄欖綠的,中高級
o,one-time,adj.,從前的、一次性的=onetime,中高級
o,ongoing,adj.,繼續進行的、不斷發展的,中高級
o,opaque,adj.,不透明的、難懂、模糊,中高級
o,openly,adv.,公開地、毫不隱瞞地,中高級
o,operational,adj.,操作的、營運的、可使用的,中高級
o,operative,adj.,可使用,中高級
o,operative,noun,操作員,中高級
o,opposed,adj.,強烈反對、截然不同的、完全相反的,中高級
o,oppress,verb,壓迫、欺壓、使窒息,中高級
o,oppression,noun,壓迫、壓制,中高級
o,opt,verb,選擇、挑選,中高級
o,optical,adj.,光學的、視覺的,中高級
o,optimism,noun,樂觀,中高級
o,optimum,adj.,最佳、最適宜的=optimal,中高級
o,optional,adj.,可選擇的、選修的,中高級
o,orchard,noun,果園,中高級
o,ordeal,noun,磨難、折磨、嚴酷的考驗,中高級
o,ore,noun,礦石,中高級
o,organism,noun,有機體、生物,中高級
o,organizer,noun,籌辦者,中高級
o,orient,verb,朝向、確定方位、熟悉=orientate,中高級
O,Orient,noun,東方(尤指中國和日本)=East,中高級
o,oriental,adj.,東方的、東方人的=eastern,中高級
O,Oriental,noun,東方人、東亞國家的人,中高級
o,orientation,noun,方向、觀點、(任職前的)培訓,中高級
o,oriented,adj.,以…為導向的、以…為目的的,中高級
o,originality,noun,獨創性、創造力,中高級
o,originate,verb,發源、開始,中高級
o,ornament,noun/verb,裝飾品、擺設；裝飾、點綴,中高級
o,orthodox,adj.,普遍接受的、正統的、傳統的,中高級
o,ostrich,noun,鴕鳥、逃避現實的人,中高級
o,oust,verb,剝奪、免、革職,中高級
o,outbreak,noun,(戰爭或疾病的)突然發生,中高級
o,outdo,verb,勝過、優於,中高級
o,outfit,noun,全套服裝,中高級
o,outfit,verb,為…提供配備,中高級
o,outgoing,adj.,外向的、將卸任的、離開的,中高級
o,outing,noun,(集體)出外遊玩、遠足,中高級
o,outlaw,verb/noun,宣佈…不合法；亡命徒,中高級
o,outlet,noun,(感情、思想的)出路、專營店,中高級
o,outlook,noun,觀點、前景、景致,中高級
o,outnumber,verb,在數量上勝過,中高級
o,outrage,verb/noun,使震怒；憤怒,中高級
o,outrageous,adj.,駭人的、無法容忍的,中高級
o,outright,adj./adv.,完全的；公開地,中高級
o,outset,noun,開端,中高級
o,outsider,noun,局外人、非成員,中高級
o,outskirts,noun,邊緣地帶、市郊,中高級
o,overdo,verb,做得過分、濫用、烹煮時間過長,中高級
o,overeat,verb,吃的過量,中高級
o,overhear,verb,偶然聽到,中高級
o,overlap,verb/noun,重疊；重疊部分,中高級
o,oversee,verb,監督、監視,中高級
o,oversleep,verb,睡過頭、睡得太久,中高級
o,overt,adj.,公開的、明顯的,中高級
o,overturn,verb,使翻倒,中高級
o,overwhelm,verb,徹底擊敗、難以承受、淹沒,中高級
o,overwhelming,adj.,巨大的、無法抗拒的,中高級
o,overwork,verb/noun,使工作過度；過勞,中高級
o,oxide,noun,氧化物,中高級
o,oyster,noun,牡蠣、蠔,中高級
o,ozone,noun,臭氧,中高級
p,packaging,noun,包裝材料,中高級
p,packed,adj.,非常擁擠的,中高級
p,packing,noun,包裝、收拾行李；包裝材料,中高級
p,pact,noun,條約、協議,中高級
p,paddle,noun/verb,船槳；用槳划船,中高級
p,pagan,adj./noun,異教徒的；異教徒,中高級
p,paid,adj.,付費的、有報酬的,中高級
p,pail,noun,桶,中高級
p,pamphlet,noun,小冊子、手冊,中高級
p,pane,noun,(一片)窗玻璃,中高級
p,paperback,noun,平裝書,中高級
p,par,noun,標準、平均,中高級
p,paradox,noun,矛盾的人(或事物)、悖論,中高級
p,paralysis,noun,麻痺、癱瘓,中高級
p,paralyze,verb,使麻痹、使癱瘓=paralyse(BritishEnglish),中高級
p,parameter,noun,決定因素、規範,中高級
p,parish,noun,教區、(英國)鄉村的行政小區,中高級
p,parliamentary,adj.,議會的、國會的,中高級
p,parlor,noun,(私人住房的)起居室、客廳=parlour,中高級
p,parsley,noun,歐芹、荷蘭芹,中高級
p,participation,noun,參加、參與,中高級
p,particle,noun,微粒、粒子,中高級
p,partition,noun/verb,隔牆、隔板；分隔、隔開,中高級
p,partly,adv.,一定程度上、部分地,中高級
p,passing,adj./noun,暫時的、瞬間的；(時間)流逝,中高級
p,passionate,adj.,情感強烈的、具有強烈信念的,中高級
p,password,noun,暗號、口令、密碼,中高級
p,pastime,noun,消遣、娛樂,中高級
p,pastry,noun,油酥點心、糕餅,中高級
p,pasture,noun/verb,牧場；放牧,中高級
p,patch,noun/verb,補丁、菜園；縫補、言歸於好,中高級
p,patent,noun/verb/adj.,專利證書；獲得專利權；專利的,中高級
p,pathetic,adj.,可悲的、不成功的,中高級
p,patriot,noun,愛國者,中高級
p,patrol,verb/noun,巡邏；巡邏兵,中高級
p,patron,noun,贊助者、老主顧,中高級
p,patronage,noun,資助、光顧,中高級
p,pavement,noun,(馬路邊的)人行道,中高級
p,peacekeeping,noun,維護和平,中高級
p,peacock,noun,(公)孔雀,中高級
p,peck,verb/noun,啄、匆匆地輕吻；匆匆的吻,中高級
p,peddle,verb,挨戶銷售、宣傳(思想、消息),中高級
p,peddler,noun,毒品販子,中高級
p,pedestrian,noun/adj.,行人；行人的、乏味的,中高級
p,peek,verb/noun,偷看、微露出；偷看,中高級
p,peg,noun/verb,釘子、掛衣鉤；用釘子釘住,中高級
p,pending,adj./prep.,待定、即將發生的；直到…為止,中高級
p,pendulum,noun,鐘擺,中高級
p,penetrate,verb,刺入、穿透,中高級
p,peninsula,noun,半島,中高級
p,penis,noun,陰莖,中高級
p,pension,noun/verb,退休金；准許/強迫某人退休,中高級
p,pensioner,noun,領養老金者、退休人員,中高級
p,perceive,verb,意識到、注意到,中高級
p,perception,noun,感知、洞察力,中高級
p,perch,verb/noun,棲息、坐在…(的邊緣)；(鳥)棲息地,中高級
p,perennial,adj./noun,長久的、持續的；多年生植物,中高級
p,perfect,verb,使完善、使完美,中高級
p,peril,noun/verb,嚴重危險；危及,中高級
p,periodic,adj.,間發性的、定期的、週期的,中高級
p,periodical,noun,(學術)期刊,中高級
p,periodical,adj.,週期性的,中高級
p,perish,verb,暴死、喪失、毀滅,中高級
p,permeate,verb,滲透、瀰漫、(思想等)傳播,中高級
p,permissible,adj.,容許的、許可的,中高級
p,perpetual,adj.,不間斷、持續的,中高級
p,perplex,verb,迷惑、使困惑,中高級
p,perseverance,noun,毅力、不屈不撓的精神,中高級
p,persevere,verb,堅持、孜孜以求,中高級
p,persistence,noun,堅持、執意,中高級
p,persistent,adj.,堅持的、持續存在的,中高級
p,personnel,noun,(公司的)員工,中高級
p,perspective,noun,(思考問題的)角度、觀點,中高級
p,pertain,verb,存在、適用,中高級
p,pertinent,adj.,有關的、恰當的,中高級
p,pessimism,noun,悲觀、悲觀主義,中高級
p,pesticide,noun,殺蟲劑、農藥,中高級
p,petition,noun/verb,請願書；請求、請願,中高級
p,petroleum,noun,石油,中高級
p,petty,adj.,瑣碎的、次要的、小氣的,中高級
p,pharmaceutical,adj./noun,製藥的、賣藥的；藥物,中高級
p,pharmacist,noun,藥劑師,中高級
p,pharmacology,noun,藥物學、藥理學,中高級
p,pharmacy,noun,藥房、藥劑學,中高級
p,phase,noun/verb,階段；分階段進行,中高級
p,physiological,adj.,生理學的,中高級
p,physiology,noun,生理學,中高級
p,pickle,noun/verb,醃菜；醃漬,中高級
p,pickpocket,noun,扒手、小偷,中高級
p,pickup,noun,取（貨）、接（人）；好轉,中高級
p,picturesque,adj.,風景如畫的、(地方)美麗的,中高級
p,pier,noun,突堤碼頭,中高級
p,pierce,verb,刺破、(光、聲)穿過,中高級
p,piercing,adj.,銳利的、刻骨的,中高級
p,piety,noun,虔誠,中高級
p,pillar,noun,柱子、中流砥柱、核心,中高級
p,pimple,noun,(長在臉上的)粉刺,中高級
p,pinch,verb/noun,捏、擰；一撮,中高級
p,pious,adj.,虔誠的、虔敬的、偽善的,中高級
p,pipeline,noun,(地下的)導管、輸油管；渠道,中高級
p,piss,verb/noun,撒尿；尿,中高級
p,pistol,noun,手槍,中高級
p,pitcher,noun,(棒球的)投手、(帶柄和嘴的)壺,中高級
p,plague,noun/verb,瘟疫、災害；不斷困擾、折磨,中高級
p,plantation,noun,種植園、林場,中高級
p,plaster,noun/verb,水泥、石膏；用水泥抹牆、貼滿、塗滿,中高級
p,plateau,noun,高原、(發展增長後的)穩定期,中高級
p,plausible,adj.,有道理的、可信的、巧言令色的,中高級
p,playful,adj.,有趣的、愛玩的、鬧著玩的,中高級
p,playwright,noun,劇作家,中高級
p,plea,noun,懇求、申訴,中高級
p,plead,verb,乞求、(在法庭)辯護、解釋,中高級
p,pledge,noun/verb,保證、諾言；正式承諾,中高級
p,plight,noun,困境、苦境,中高級
p,plow,noun/verb,犁；犁地=plough(BritishEnglish),中高級
p,pluck,verb/noun,摘、拔、解救；膽識,中高級
p,plunge,verb/noun,(價值或程度)暴跌、驟降、跳入,中高級
p,pneumonia,noun,肺炎,中高級
p,poach,verb,水煮；(在他人地界)偷獵、盜用、挖走(人員),中高級
p,pocketbook,noun,（女用）手提包；財力；筆記本,中高級
p,poetic,adj.,詩歌的、像詩ㄧ般的,中高級
p,pointed,adj.,尖的、尖銳的、明確的,中高級
p,poised,adj.,準備好(做某事)、泰然自若的,中高級
p,poke,verb/noun,戳、探出、搜查、戳,中高級
p,polar,adj.,極地的、完全相反的,中高級
p,pollutant,noun,污染物質,中高級
p,ponder,verb,沉思、考慮,中高級
p,pope,noun,教宗、教皇,中高級
p,popularity,noun,普及、受歡迎、聲望,中高級
p,populate,verb,居住於、構成…的人口、移居,中高級
p,porcelain,noun,瓷、瓷器=china瓷器,中高級
p,porch,noun,門廊、門廳,中高級
p,pore,noun/verb,(皮膚的)毛孔、氣孔；仔細審視,中高級
p,portfolio,noun,文件夾、作品選集,中高級
p,postulate,verb/noun,假定、假設,中高級
p,posture,noun/verb,姿勢、立場；故作姿態,中高級
p,postwar,adj.,(尤指)第二次世界大戰以後的,中高級
p,potent,adj.,有強效的、有力的,中高級
p,potter,noun,陶工,中高級
p,practicable,adj.,可行的,中高級
p,practitioner,noun,(尤指醫學或法律的)從業人員,中高級
p,prairie,noun,北美草原、新大陸北部草原,中高級
p,preach,verb,講道、宣揚教義,中高級
p,precaution,noun,預防措施、預防,中高級
p,precede,verb,在…之前發生、先於,中高級
p,precedent,noun,先前出現的事例、前例,中高級
p,precipitate,verb/adj.,使突然降臨、加速；魯莽的,中高級
p,precisely,adv.,準確地、仔細地、的確如此,中高級
p,precision,noun,精確、準確、細緻,中高級
p,preclude,verb,使行不通、防止、排除,中高級
p,predator,noun,掠食者、食肉動物,中高級
p,predecessor,noun,前任、前身,中高級
p,predictable,adj.,可預料的、老套乏味的,中高級
p,predominant,adj.,顯著的、盛行的、主導的,中高級
p,predominantly,adv.,主要地、多數情況下,中高級
p,preface,noun/verb,書的前言；為…寫序言,中高級
p,preference,noun,偏愛、愛好,中高級
p,prehistoric,adj.,史前的、有文字記載以前的,中高級
p,prejudice,noun/verb,偏見、歧視；使有成見,中高級
p,preliminary,adj./noun,初步的；預備性措施,中高級
p,premature,adj.,未成熟的、早產的、草率的,中高級
p,premier,noun/adj.,總理、首相；最高的、首位的,中高級
p,premiere,noun/verb,(電影的)首映、(戲劇的)首演,中高級
p,premise,noun,（作為先決條件的）假定、前提,中高級
p,premise,noun,(法律用語)房屋、土地；經營場地,中高級
p,premium,noun,保險費,中高級
p,premium,adj.,稀少、優質的,中高級
p,preposition,noun,介係詞,中高級
p,prescribe,verb,给…開處方、規定、命令,中高級
p,prescription,noun,處方、醫生開的藥,中高級
p,present,verb,贈送、頒發,中高級
p,preservation,noun,保存、保護,中高級
p,preside,verb,主持會議、擔任主席,中高級
p,presidency,noun,主席、總統的職位(任期),中高級
p,president-elect,noun,候任總統,中高級
p,prestige,noun/adj.,聲望；受尊重的、令人敬仰的,中高級
p,prestigious,adj.,有威望的,中高級
p,presumably,adv.,很可能、大概,中高級
p,presume,verb,假設、推定,中高級
p,pretext,noun,藉口、託辭,中高級
p,prevail,verb,普遍存在、流行、戰勝,中高級
p,prevailing,adj.,普遍的、盛行的,中高級
p,prevalent,adj.,普遍的、流行的,中高級
p,preventive,adj./noun,預防性的、防備的；預防措施或藥物,中高級
p,prey,noun/verb,獵物；捕食,中高級
p,priceless,adj.,極其貴重的、無價的,中高級
p,prick,verb/noun,刺、扎；針刺感,中高級
p,primarily,adv.,主要地,中高級
p,prior,adj./noun,先前的；小修道院男院長,中高級
p,priority,noun,優先處理的事、優先權,中高級
p,privatize,verb,使私有化、將…私營化,中高級
p,pro,noun/adj.,職業選手；職業的、專業的,中高級
p,pro,prep.,擁護、支持,中高級
p,probability,noun,可能性、很可能發生的事、機率,中高級
p,probe,verb/noun,追問、詳盡；調查、探針,中高級
p,proceeds,noun,收益,中高級
p,proceeding,noun,訴訟、事件,中高級
p,procession,noun,(人或車)行列、一隊人,中高級
p,processor,noun,加工機、處理器,中高級
p,proclaim,verb,宣佈、聲明,中高級
p,produce,noun,(尤指)農產品,中高級
p,productivity,noun,生產率、生產量,中高級
p,proficiency,noun,熟練、精通,中高級
p,proficient,adj.,熟練的、精通的,中高級
p,profile,noun/verb,側面像、人物簡介；寫…的概況,中高級
p,profound,adj.,深遠的、知識淵博的、艱深的,中高級
p,prohibition,noun,(尤指通過法律的)禁止、禁令,中高級
p,project,verb,計畫、估計、投射、展現,中高級
p,projection,noun,預測、投射,中高級
p,proliferate,verb,迅速繁殖、猛增,中高級
p,prolong,verb,延長,中高級
p,prone,adj.,易於遭受、有做(壞事)的傾向,中高級
p,pronoun,noun,代名詞,中高級
p,prop,verb,支撐,中高級
p,prop,noun,(戲劇或電影中的)道具,中高級
p,propaganda,noun,宣傳、鼓吹,中高級
p,propagate,verb,宣傳、繁殖,中高級
p,propel,verb,推動、驅使,中高級
p,propeller,noun,螺旋槳,中高級
p,prophet,noun,先知、預言者、倡導者,中高級
p,proportional,adj.,相稱的、成比例的,中高級
p,proposition,noun/verb,提議、主張；求歡,中高級
p,prose,noun,散文,中高級
p,prosecute,verb,起訴、控告,中高級
p,prosecution,noun,(被)刑事起訴、原告律師,中高級
p,prosecutor,noun,檢察官、控方律師,中高級
p,prospect,verb,探礦、勘探,中高級
p,prospective,adj.,可能的、潛在的,中高級
p,prostitute,noun/verb,賣淫者；濫用才能、糟蹋自己,中高級
p,prostitution,noun,賣淫,中高級
p,prototype,noun,(新型汽車、機器的)原型,中高級
p,provided,conj.,如果、假如、在…條件下providedthat=providingthat,中高級
p,provincial,adj./noun,省的、首都外的、心胸狹隘的；鄉巴佬,中高級
p,provision,noun/verb,供給、供應品；為…提供物品,中高級
p,provisional,adj.,臨時的、暫定的,中高級
p,provocative,adj.,挑釁的、煽動性的、引誘的,中高級
p,provoke,verb,激起、引起,中高級
p,prowl,verb/noun,潛行(為捕獵)；悄然潛行,中高級
p,proximity,noun,(時間或空間)鄰近,中高級
p,prune,noun,梅子乾,中高級
p,prune,verb,修剪樹枝、裁減,中高級
p,psychiatric,adj.,精神病學的、精神病治療的,中高級
p,psychiatrist,noun,精神科醫生,中高級
p,psychiatry,noun,精神病學,中高級
p,psychic,adj./noun,超自然的、通靈的；通靈的人adj.=psychical,中高級
p,publicize,verb,公佈、宣傳,中高級
p,puff,noun/verb,吸、抽；抽(香煙等)、使噴出,中高級
p,pulse,noun/verb,脈搏；跳動、洋溢著(激情等),中高級
p,punk,noun/adj.,龐克搖滾樂；龐克的,中高級
p,purely,adv.,純粹地、僅僅,中高級
p,purify,verb,使潔淨、淨化(心靈),中高級
p,purity,noun,純潔、純淨,中高級
p,put-down,noun,令人難堪的話、貶損的話,中高級
p,putt,noun/verb,(高爾夫球的)推球入洞；輕輕擊球,中高級
p,pyramid,noun,金字塔、金字塔型的物體,中高級
q,quack,noun/verb,(鴨子的)呱呱聲、庸醫；呱呱叫,中高級
q,quake,verb/noun,(因恐懼或緊張)顫抖；地震noun=earthquake,中高級
q,qualifier,noun,合格者、資格賽,中高級
q,qualitative,adj.,質量的、定性的,中高級
q,quantify,verb,以數量表示、量化,中高級
q,quantitative,adj.,數量的、量化的,中高級
q,quantum,noun,量子,中高級
q,quarrelsome,adj.,愛爭吵的、好口角的,中高級
q,quart,noun,夸脫,中高級
q,quarter-final,noun,半準決賽,中高級
q,quarterly,adj./adv./noun,每季的、按季的；季刊,中高級
q,quartet,noun,四重奏樂團、四重唱組合=quartette,中高級
q,quartz,noun,石英,中高級
q,queer,adj./noun/verb,反常的；同性戀者；破壞計劃,中高級
q,quench,verb,解渴、撲滅,中高級
q,query,noun/verb,詢問；表示疑慮,中高級
q,quest,noun/verb,(長期的)探索、追求,中高級
q,questionnaire,noun,調查表、問卷,中高級
q,quiver,verb/noun,輕微顫動、哆嗦；顫抖,中高級
q,quota,noun,定額、配額,中高級
q,quotation,noun,引文、語錄；報價、行情,中高級
r,racing,noun,賽馬、速度比賽,中高級
r,racism,noun,種族歧視、種族主義,中高級
r,racist,adj./noun,種族主義的；種族主義者,中高級
r,rack,noun,架子,中高級
r,rack,verb,使痛苦不堪、使受折磨,中高級
r,radiant,adj.,容光煥發的、燦爛的,中高級
r,radiate,verb,流露、煥發,中高級
r,radiator,noun,散熱器、暖氣片,中高級
r,radioactive,adj.,放射性的、有輻射的,中高級
r,radish,noun,蘿蔔,中高級
r,radius,noun,半徑、半徑範圍、周圍,中高級
r,raft,noun/verb,筏、橡皮艇、大量；漂筏,中高級
r,rag,noun,抹布,中高級
r,rag,verb,嘲笑、捉弄,中高級
r,ragged,adj.,破舊的、衣衫襤褸的、不流暢的,中高級
r,raid,verb/noun,突襲、劫掠、搜查,中高級
r,rail,noun/verb,欄杆、軌道；譴責；抱怨,中高級
r,rally,noun/verb,大型公眾集會；召集、集合,中高級
r,ranch,noun,牧場、大農場,中高級
r,random,adj./noun,隨機的、隨意的；隨機、隨意,中高級
r,ranking,adj/noun,地位高的、高級的；排名,中高級
r,ransom,noun/verb,贖金；(為某人)交付贖金,中高級
r,rap,noun,饒舌音樂,中高級
r,rap,verb,敲擊、批評、指責,中高級
r,rape,verb/noun,強暴、強姦；強姦罪,中高級
r,rascal,noun,無賴、壞蛋、淘氣鬼,中高級
r,rash,adj.,急躁的、魯莽的,中高級
r,rash,noun,皮疹,中高級
r,ratify,verb,正式批准、使正式生效,中高級
r,rating,noun,等級、程度,中高級
r,ratio,noun,(兩個數量間的)比例,中高級
r,rational,adj.,(想法、決定等)合理的、理性的,中高級
r,rattle,verb/noun,發出喀噠聲、使緊張；喀噠聲,中高級
r,ravage,verb,毀壞、損壞,中高級
r,rave,verb/adj.,極力誇獎；高度稱讚的,中高級
r,rave,noun,狂歡晚會,中高級
r,reactor,noun,核反應堆、反應器,中高級
r,realism,noun,實務作風、現實主義,中高級
r,realization,noun,領會、領悟、(目標等的)實現=realisation(BritishEnglish),中高級
r,realm,noun,領域、場所,中高級
r,reap,verb,取得成果、收穫,中高級
r,reassure,verb,使安心、使消除疑慮,中高級
r,rebellion,noun,造反、叛亂,中高級
r,rebellious,adj.,反叛的、叛亂的、反對權威的,中高級
r,recipient,noun,受方、接受者,中高級
r,reciprocal,adj.,互惠的、相應的,中高級
r,reckless,adj.,魯莽的、無所顧忌的,中高級
r,reckon,verb,認為、以為、估算,中高級
r,reclaim,verb,取回(以付的金錢)、恢復,中高級
r,recommendation,noun,正式建議、提議,中高級
r,reconcile,verb,使配合、使和解,中高級
r,reconciliation,noun,調解、和解,中高級
r,reconstruction,noun,修復、(尤指戰後的)重建,中高級
r,recording,noun,(音樂、演說或影像的)錄製品,中高級
r,recreational,adj.,娛樂、消遣的,中高級
r,recruit,verb/noun,招收新成員；新兵,中高級
r,rectangular,adj.,長方形的、矩形的,中高級
r,rectify,verb,糾正、矯正,中高級
r,recur,verb,再發生、反覆出現,中高級
r,redundancy,noun,(因勞動力過剩而造成的)裁員、多餘,中高級
r,redundant,adj.,被裁減的、多餘的,中高級
r,reef,noun,礁、礁脈,中高級
r,reel,noun/verb,捲軸；捲、繞,中高級
r,referee,noun/verb,裁判、調解人；擔任裁判,中高級
r,referendum,noun,公民投票,中高級
r,refine,verb,精煉、改進,中高級
r,reflective,adj.,沉思的、反光的,中高級
r,reformer,noun,改革者,中高級
r,refrain,verb,避免、克制,中高級
r,refrain,noun,疊句、副歌,中高級
r,refreshment,noun,活力恢復、零食飲料,中高級
r,refuge,noun,庇護、收容所,中高級
r,refund,noun/verb,退款,中高級
r,refute,verb,駁斥、否認,中高級
r,regain,verb,重新獲得、返回,中高級
r,reggae,noun,雷鬼(音樂),中高級
r,regime,noun,政權、組織方法,中高級
r,regiment,noun,軍團、一大群(人、物),中高級
r,regulator,noun,監督者、自動調節器,中高級
r,rehabilitate,verb,恢復、重建,中高級
r,reign,verb/noun,君王統治、支配；統治(期間),中高級
r,rein,noun/verb,韁繩；嚴格控制,中高級
r,reinforce,verb,加強、鞏固,中高級
r,rejection,noun,拒絕、駁回,中高級
r,rejoice,verb,高興、慶賀,中高級
r,relativity,noun,相對論、相對性,中高級
r,relay,noun/verb,接力賽、接替(人員)；轉達,中高級
r,relegate,verb,使貶職、使降級,中高級
r,relentless,adj.,不放棄的、無情的,中高級
r,relevant,adj.,相關的、有價值的,中高級
r,reliability,noun,可靠程度、可信賴性,中高級
r,reliance,noun,依賴、依靠,中高級
r,relic,noun,遺物、遺跡、遺俗,中高級
r,relieved,adj.,感到放心的、心情放鬆的,中高級
r,relish,verb/noun,喜歡、品味；樂趣、調味佐料,中高級
r,remainder,noun/verb,其餘人或物、殘餘；廉價出售（剩書等）,中高級
r,remaining,adj.,剩餘的、仍需處理的,中高級
r,remains,noun,剩餘物、遺跡、遺體,中高級
r,reminiscent,adj.,懷舊的、使憶起的,中高級
r,remnant,noun/adj.,殘餘、遺跡、剩料（零頭布）；剩餘的,中高級
r,removal,noun,移除、清除,中高級
r,renaissance,noun,文藝復興、復興,中高級
r,render,verb,使成為、使處於某狀態、提供,中高級
r,renewable,adj.,（能源）可再生的；可展期的,中高級
r,renewal,noun,更新、恢復、續訂(契約),中高級
r,renowned,adj.,聞名的、受尊敬的,中高級
r,rental,noun/adj.,租金、出租；租用的,中高級
r,reopen,verb,重新開業、重新處理,中高級
r,reorganize,verb,重組、整頓=reorganise(BritishEnglish),中高級
r,repatriate,verb,遣返,中高級
r,repay,verb,償還、報答,中高級
r,repayment,noun,償還、分期付款額,中高級
r,repel,verb,擊退、趕走,中高級
r,repertoire,noun,可表演曲目、全部才能,中高級
r,replacement,noun,更換、替代品、接替者,中高級
r,replay,verb/noun,重新比賽、重播,中高級
r,reportedly,adv.,據說、據傳聞,中高級
r,repress,verb,壓抑、鎮壓,中高級
r,repression,noun,鎮壓、抑制,中高級
r,reproach,verb/noun,指責；責備(的話)、恥辱,中高級
r,reproduce,verb,複製、再現、繁殖,中高級
r,reproduction,noun,繁衍、複製,中高級
r,reptile,noun/adj.,爬蟲類；爬蟲類的,中高級
r,resemblance,noun,相似,中高級
r,resent,verb,對…感到憤慨、怨恨,中高級
r,resentment,noun,憤恨、怨恨,中高級
r,reserved,adj.,預訂的、含蓄寡言的,中高級
r,reservoir,noun,水庫、蓄水池、儲液槽,中高級
r,reside,verb,居住在、存在於、隸屬於,中高級
r,residential,adj.,住宅的、提供住宿的,中高級
r,resigned,adj.,逆來順受的、死心的,中高級
r,resolute,adj.,堅決的、有決心的,中高級
r,resonance,noun,宏亮、引起共鳴,中高級
r,resonant,adj.,宏亮的、響遍的、產生共鳴的,中高級
r,resort,verb,訴諸於、憑藉、採用,中高級
r,resort,noun,旅遊勝地,中高級
r,respectable,adj.,值得尊敬的、相當好的,中高級
r,respected,adj.,受尊敬的、被認為重要的,中高級
r,respectful,adj.,表示敬意的、尊敬的,中高級
r,respective,adj.,分別的、各自的,中高級
r,respectively,adv.,分別、各自、依序是,中高級
r,restrain,verb,阻止、約束(自己),中高級
r,restrained,adj.,克制的、樸素的,中高級
r,restraint,noun,約束力、控制、克制,中高級
r,restructure,verb,調整結構、改組,中高級
r,resultant,adj.,因而發生的,中高級
r,resume,verb,(中斷後)繼續、恢復,中高級
r,résumé,noun,概述、(求職)簡歷,中高級
r,retail,noun/adv./verb,零售；以零售方式；零售,中高級
r,retailer,noun,零售商、零售店,中高級
r,retaliate,verb,報復、反擊,中高級
r,retention,noun,保持、維持、記憶力,中高級
r,retirement,noun,退休、退休生活,中高級
r,retort,verb/noun,反擊、反駁、頂嘴,中高級
r,retrieval,noun,取回、索回,中高級
r,retrieve,verb,取回、(電腦)檢索資料,中高級
r,retrospect,noun,回顧、回憶,中高級
r,retrospection,noun,回顧、回憶,中高級
r,retrospective,adj.,回顧的、溯及既往的,中高級
r,reunion,noun,重聚、團聚,中高級
r,revealing,adj.,揭露真相的、過分暴露的,中高級
r,revelation,noun,被揭露的真相、揭露、天啟,中高級
r,revenue,noun,財政收入、收益,中高級
r,reverse,verb/noun/adj.,顛倒、轉向；相反、反面；反面的、逆轉的,中高級
r,revival,noun,振興、復興,中高級
r,revive,verb,甦醒、復活、使重做,中高級
r,revolt,noun/verb,反叛、厭惡；造反、嫌惡,中高級
r,revolve,verb,旋轉、(天體)公轉,中高級
r,rhetoric,noun,修辭學、華而不實的言語,中高級
r,rhetorical,adj.,修辭學的、反詰的、誇張的,中高級
r,rhinoceros,noun,犀牛=rhino,中高級
r,rhythmic,adj.,有節奏的、節奏規律的,中高級
r,rib,noun/verb,肋骨；嘲笑,中高級
r,ridge,noun/verb,山脊、隆起；隆起、成脊狀,中高級
r,ridicule,noun/verb,揶揄(的話)；嘲笑、奚落,中高級
r,rig,verb/noun,(以不正當手段)操縱、裝配；裝備、鑽井設備,中高級
r,right-wing,adj./noun,右翼的、右派的；右派名詞為rightwing,中高級
r,rigid,adj.,死板的、僵硬的、堅硬的,中高級
r,rigor,noun,嚴酷、艱苦、嚴謹=rigour,中高級
r,rigorous,adj.,嚴格的、嚴密的、嚴酷的,中高級
r,rim,noun,(圓形物的)邊緣,中高級
r,riot,noun/verb,暴亂、騷動；掀起暴動,中高級
r,riotous,adj.,暴亂的、狂歡的,中高級
r,rip,verb/noun,撕裂、扯開；裂縫、破綻,中高級
r,ripple,noun/verb,漣漪；起漣漪,中高級
r,risky,adj.,有危險的、有風險的,中高級
r,rite,noun,(宗教)儀式,中高級
r,ritual,noun/adj.,儀式、慣例；儀式的、祭典的、老套的,中高級
r,rivalry,noun,競爭、較量,中高級
r,roach,noun,蟑螂蟑螂=cockroach,中高級
r,roam,verb/noun,閒逛、漫步；漫遊、閒逛,中高級
r,robin,noun,知更鳥,中高級
r,robust,adj.,強健的、信心十足的,中高級
r,rocky,adj.,岩石的；困難的,中高級
r,roller,noun,滾筒、捲髮器,中高級
r,roommate,noun,室友=room-mate,中高級
r,rotary,adj.,旋轉的=rotatory,中高級
r,rotate,verb,旋轉、(天體)自轉、輪班,中高級
r,rotation,noun,(天體)自轉、輪換,中高級
r,rouge,noun/verb,胭脂、口紅；擦胭脂、塗口紅,中高級
r,rouse,verb,喚醒、鼓舞,中高級
r,row,noun/verb,吵架、口角；爭吵、吵鬧,中高級
r,royalty,noun,王室成員；版稅,中高級
r,ruby,noun,紅寶石、深紅色,中高級
r,rugby,noun,橄欖球運動,中高級
r,rugged,adj.,崎嶇的、粗獷的、耐用的,中高級
r,ruling,adj./noun,統治的、占優勢的；裁決,中高級
r,rumble,verb/noun,隆隆響、發出低沉聲；轟隆聲,中高級
r,runner-up,noun,亞軍,中高級
r,run-up,noun,(重要事情的)準備、助跑,中高級
r,rupture,noun/verb,破裂；使破裂,中高級
r,rustle,verb/noun,(使)沙沙作響；窸窣聲,中高級
r,rustle,verb,急忙行動,中高級
r,ruthless,adj.,殘酷無情的,中高級
s,sacred,adj.,神聖的、受崇敬的,中高級
s,saddle,noun/verb,馬鞍；肩負重任,中高級
s,safari,noun,(在非洲)遊獵、長途旅行,中高級
s,safeguard,verb/noun,保衛；安全措施,中高級
s,saint,noun,聖人、聖人般的人,中高級
s,salmon,noun,鮭魚,中高級
s,salon,noun,美髮廳、沙龍,中高級
s,saloon,noun,轎車、酒吧,中高級
s,salutation,noun,招呼致意、(信函開頭)稱呼語,中高級
s,salute,verb/noun,向…行禮；敬禮,中高級
s,salvage,verb/noun,搶救、打撈；搶救、廢物利用,中高級
s,salvation,noun,救贖、救助(的途徑),中高級
s,sanctuary,noun,庇護、避難所、禁獵區,中高級
s,sandal,noun,涼鞋,中高級
s,sandy,adj.,含沙的、淺棕色的,中高級
s,sane,adj.,神智健全的、明智的,中高級
s,sanitation,noun,衛生設備,中高級
s,satisfied,adj.,滿意的、信服的,中高級
s,saturate,verb,使濕透、使飽和,中高級
S,SaudiArabia,noun,沙烏地阿拉伯,中高級
s,savage,adj./noun/verb,兇猛的、野蠻的；野蠻人；猛烈攻擊,中高級
s,scandal,noun,醜聞,中高級
s,scar,noun/verb,傷疤、創傷；結疤、留下疤痕,中高級
s,scarecrow,noun,稻草人,中高級
s,scattered,adj.,分散的、稀疏的,中高級
s,scenario,noun,設想的情況、情節,中高級
s,scenic,adj.,風景優美的,中高級
s,scent,noun/verb,香味；聞到,中高級
s,scope,noun,範圍、能力範圍,中高級
s,scorn,noun/verb,輕蔑、鄙視,中高級
s,scramble,verb/noun,攀爬、爭搶,中高級
s,scrap,noun/verb,碎片、廢料；廢棄、取消,中高級
s,scrape,verb/noun,刮掉、削去、擦傷,中高級
s,screwdriver,noun,螺絲起子,中高級
s,script,noun/verb,劇本、筆跡；為(電影、戲劇等)寫稿,中高級
s,scroll,noun/verb,卷軸、捲屏；滾動,中高級
s,scrutiny,noun,仔細檢查,中高級
s,sculptor,noun,雕刻家,中高級
s,sculpture,verb,雕塑、雕刻=sculpt,中高級
s,seam,noun,接縫、礦層,中高級
s,seasonable,adj.,應時的、合時令的,中高級
s,seasonal,adj.,季節性的,中高級
s,seasoned,adj.,經驗老道的、調好味的,中高級
s,seasoning,noun,調味料,中高級
s,secrecy,noun,秘密、保密,中高級
s,secretarygeneral,noun,秘書長、總幹事,中高級
s,seduce,verb,誘惑、誘騙,中高級
s,seduction,noun,誘惑、魅力,中高級
s,seductive,adj.,誘惑的、有魅力的,中高級
s,seeming,adj.,看似的、表面上的,中高級
s,segment,noun/verb,部分、分段；分裂、分割,中高級
s,segregate,verb,(種族、宗教)隔離,中高級
s,segregation,noun,隔離政策,中高級
s,selective,adj.,有選擇的、仔細挑選的,中高級
s,self-esteem,noun,自尊心,中高級
s,semiconductor,noun,半導體,中高級
s,semi-final,noun,準決賽,中高級
s,seminar,noun,專題討論課、研討會,中高級
s,senate,noun,參議院,中高級
s,senator,noun,參議員,中高級
s,sensation,noun,感覺、知覺；轟動,中高級
s,sensational,adj.,聳動的、煽情的,中高級
s,sensitivity,noun,體貼、敏感,中高級
s,sentiment,noun,情操、多愁善感,中高級
s,sentimental,adj.,情感的、多愁善感的,中高級
s,separatism,noun,分離主義、獨立主義,中高級
s,separatist,adj./noun,分離主義的；獨立主義者,中高級
s,sequence,noun,一系列、次序,中高級
s,serene,adj.,平靜的、安詳的,中高級
s,serenity,noun,平靜、安詳,中高級
s,sergeant,noun,軍士、中士、巡佐,中高級
s,serial,noun/adj.,連續劇；連續的,中高級
s,seriously,adv.,嚴重地、說實在地,中高級
s,sermon,noun,佈道,中高級
s,server,noun,侍者、服務生,中高級
s,serviceman,noun,軍人,中高級
s,servicewoman,noun,女軍人、女兵,中高級
s,serving,noun,(一份)食物,中高級
s,setback,noun,阻礙、障礙,中高級
s,setting,noun,情節背景；(儀器)調節,中高級
s,settled,adj.,穩定的、安定的,中高級
s,sewer,noun,汙水管、下水道,中高級
s,sexuality,noun,性徵、性慾、性行為,中高級
s,shabby,adj.,破舊的、不公正的,中高級
s,shaft,noun/verb,井狀通道、一束(光)；虧待,中高級
s,shape,verb,塑造,中高級
s,shareholder,noun,股東,中高級
s,shatter,verb,破碎、粉碎,中高級
s,shear,verb/noun,剪羊毛；(修剪枝葉用)大剪刀,中高級
s,shed,noun/verb,棚子；擺脫、使落下,中高級
s,sheer,adj./adv./verb,(強調數量或大小)完全的、陡峭的；(強調數量或大小)完全地、陡峭地；突然轉向,中高級
s,sheriff,noun,郡保安官,中高級
s,sherry,noun,雪利酒,中高級
s,shield,noun/verb,盾牌；保護,中高級
s,shilling,noun,先令,中高級
s,shipment,noun,運輸、運輸的貨物,中高級
s,shipping,noun,運輸、船運,中高級
s,shiver,verb/noun,顫抖；哆嗦,中高級
s,shooting,noun,槍擊、(電影)拍攝,中高級
s,shoplift,verb,在商店順手牽羊,中高級
s,shove,verb/noun,推擠、亂放、挪動身體；推,中高級
s,shred,verb/noun,撕碎；碎片,中高級
s,shrewd,adj.,精明的、高明的,中高級
s,shriek,verb/noun,尖叫；尖叫聲,中高級
s,shrine,noun,聖地、神廟,中高級
s,shrub,noun,灌木,中高級
s,shudder,verb/noun,發抖、劇烈震動,中高級
s,shuffle,verb/noun,拖著腳走；洗牌,中高級
s,shun,verb,避開、迴避,中高級
s,shutter,noun,百葉窗；相機快門,中高級
s,shutter,verb,關上...的百葉窗或快門；停止營業,中高級
s,sibling,noun,兄弟姊妹,中高級
s,sideeffect,noun,副作用,中高級
s,sideways,adv./adj.,橫斜地、橫向一邊地；橫斜的、橫向一邊的,中高級
s,siege,noun,圍城、封鎖,中高級
s,signify,verb,意味著、表示,中高級
s,silicon,noun,矽,中高級
s,silkworm,noun,蠶,中高級
s,simmer,verb/noun,充滿(怒氣)、用文火燉煮；(情緒)快要爆發、快沸騰的狀態,中高級
s,simplicity,noun,簡單、質樸,中高級
s,simulate,verb,假裝、冒充、模擬,中高級
s,simulation,noun,模擬、冒充,中高級
s,simultaneous,adj.,同時的、同步的,中高級
s,sincerity,noun,真誠、誠懇,中高級
s,sinister,adj.,邪惡的、不祥的,中高級
s,sit-down,noun,坐下休息,中高級
s,sit-down,adj.,坐在餐桌前的、靜坐抗議的,中高級
s,sit-in,noun,靜坐示威、靜坐罷工,中高級
s,situated,adj.,坐落於...的、處於…境地的,中高級
s,skeleton,noun/adj.,骨架、骨骼標本；只有輪廓的,中高級
s,skeptical,adj.,"懷疑的=sceptical(BritishEnglish),skeptic,sceptic",中高級
s,skilled,adj.,有技能的、熟練的,中高級
s,skipper,noun/verb,(小船)船長、(運動隊)隊長；當隊長,中高級
s,skirt,verb,環繞…的四週、避開(話題),中高級
s,skull,noun,頭蓋骨、腦筋,中高級
s,slack,adj.,鬆弛的、蕭條的、懈怠的,中高級
s,slack,verb,放鬆、變鬆弛、減緩,中高級
s,slack,noun,(繩索等的)鬆弛部分、蕭條期、懈怠,中高級
s,slam,verb/noun,砰然關上、使勁擲於；猛關或猛撞(的聲音),中高級
s,slap,verb/noun,拍、掌摑；輕拍、(一記)耳光,中高級
s,slap,adv.,正好、恰好,中高級
s,slash,verb/noun,砍、劈、大幅削減；砍、劈、長而窄的切口,中高級
s,slate,noun,石板,中高級
s,slate,verb,預定；(在報紙評論中)抨擊,中高級
s,slaughter,verb/noun,屠宰、殺戮,中高級
s,slay,verb,殺死、殘害、謀殺,中高級
s,sled,noun/verb,雪橇；乘雪橇=sledge(BritishEnglish),中高級
s,sleigh,noun/verb,(馬拉的)雪橇；乘雪橇,中高級
s,slick,noun,水面浮油,中高級
s,slick,verb,使光滑平整,中高級
s,slick,adj/adv,光滑的、熟練的、巧妙的；熟練地、靈巧地,中高級
s,slit,verb/noun,在…直直畫一刀、切開；狹長的切口,中高級
s,sloppy,adj.,馬虎的、凌亂的,中高級
s,slot,noun,狹縫；(自動販賣機等的)投幣口；(計畫表中的)時間,中高級
s,slot,verb,在...上開狹長的孔；投放、插入；為...安排時間,中高級
s,slum,noun/verb,平民窟；過簡樸生活,中高級
s,slump,noun,驟降、衰退,中高級
s,slump,verb,驟降、衰退、重重地坐下,中高級
s,sly,adj.,狡詐的、詭祕的,中高級
s,smack,verb/noun/adv.,掌摑、打；打巴掌；砰然作響地、不偏不倚地,中高級
s,smallpox,noun,天花,中高級
s,smash,verb/noun,打碎、猛烈碰撞；破碎,中高級
s,smother,verb,悶死,中高級
s,smuggle,verb,走私、偷運,中高級
s,snare,noun/verb,陷阱、騙局；設陷阱,中高級
s,snarl,verb,齜牙低吼、咆哮；把...纏作一團,中高級
s,snarl,noun,齜牙低吼、咆哮；毛髮糾結、混亂,中高級
s,snatch,verb/noun,奪去、搶走；抓、奪,中高級
s,sneer,noun/verb,嘲笑、譏笑,中高級
s,sniff,verb/noun,嗅、聞；嗅、聞、吸氣聲,中高級
s,snore,noun/verb,打呼聲；打呼,中高級
s,snorkel,verb/noun,潛水；潛水用呼吸管,中高級
s,snort,noun/verb,鼻息聲、哼聲；從鼻中噴氣作聲,中高級
s,soak,verb/noun,浸泡、使濕透；浸泡,中高級
s,soar,verb,急升、高飛,中高級
s,sober,adj./verb,未醉的、冷靜的；使冷靜、使清醒,中高級
s,so-called,adj.,所謂的,中高級
s,socialism,noun,社會主義,中高級
s,socialist,adj./noun,社會主義(相關)的；社會主義者,中高級
s,socialize,verb,交際、使適應社會=socialise,中高級
s,sociology,noun,社會學,中高級
s,sodium,noun,鈉,中高級
s,soften,verb,軟化、變溫和,中高級
s,sole,adj.,唯一的,中高級
s,sole,noun/verb,腳底、鞋底；給(鞋)換底,中高級
s,solemn,adj.,莊重的、嚴肅的,中高級
s,solicitor,noun,(市鎮)法務官、訴狀律師,中高級
s,solidarity,noun,團結、相互支持,中高級
s,solitary,adj./noun,獨自的、獨處的；隱士,中高級
s,solitude,noun,獨處、獨居,中高級
s,solo,noun/adj./adv.,單人表演；獨自的；獨自地,中高級
s,soluble,adj.,可溶的、可解決的,中高級
s,someday,adv.,有朝一日、將來,中高級
s,soothe,verb,安慰、緩解,中高級
s,sophisticated,adj.,見多識廣的、精密的,中高級
s,sophomore,noun,(大學、中學)二年級學生,中高級
s,sorrowful,adj.,悲傷的、悲痛的,中高級
s,soundtrack,noun,(電影)配樂、原聲帶,中高級
s,sovereign,adj./noun,有主權的；君主、元首,中高級
s,sovereignty,noun,主權、獨立自主,中高級
s,spacious,adj.,(房間)寬敞的,中高級
s,span,noun/verb,一段時間、跨度；橫跨、持續,中高級
s,spatial,adj.,空間的,中高級
s,specialist,noun,專家、專科醫師,中高級
s,specialize,verb,專攻、專門研究=specialise(BritishEnglish),中高級
s,specially,adv.,專門地、特意=especially,中高級
s,specialty,noun,地方特產、專長=speciality(BritishEnglish),中高級
s,specification,noun,規格、規範,中高級
s,specify,verb,具體說明、明確規定,中高級
s,specimen,noun,樣品、標本、檢體,中高級
s,spectacle,noun,精彩的表演、壯觀的景象、眼鏡(複數),中高級
s,spectacular,adj./noun,壯觀的、壯麗的；精彩的表演,中高級
s,spectrum,noun,光譜、頻譜、範圍,中高級
s,speculate,verb,推測、投機,中高級
s,speculation,noun,推測、投機買賣,中高級
s,sperm,noun,精子、精液,中高級
s,sphere,noun,(幾何學)球體、範圍、領域,中高級
s,spike,noun,尖刺、釘鞋；(通常指在下跌前)非常高的數量,中高級
s,spike,verb,用尖物刺入；上升至非常高的數量,中高級
s,spine,noun,脊椎、刺、書背,中高級
s,spiral,noun/adj./verb,螺旋；螺旋的；螺旋式上升(下降)、急劇增長,中高級
s,spire,noun,(教堂)尖塔、尖頂,中高級
s,splendor,noun,壯麗、華麗=splendour(BritishEnglish),中高級
s,spokesperson,noun,"發言人=spokesman,spokeswoman",中高級
s,sponge,noun/verb,海綿；用海綿(濕布)清洗,中高級
s,sponsorship,noun,資助、贊助款,中高級
s,spontaneous,adj.,自發的、自然的,中高級
s,sporting,adj.,體育運動的、有運動員風範的,中高級
s,spotlight,noun/verb,聚光燈、(大眾的)注目；特別關注,中高級
s,spouse,noun,配偶,中高級
s,sprain,verb/noun,扭傷,中高級
s,sprawl,verb/noun,(伸開四肢)躺臥、蔓延；隨意擴展,中高級
s,spring,verb,跳躍起、反彈、湧出,中高級
s,sprint,noun/verb,短跑；全速衝刺,中高級
s,spur,verb/noun,激勵鼓舞；馬刺、靴刺,中高級
s,squad,noun,(軍警)班、小組、(運動)代表隊,中高級
s,squash,verb/noun,壓扁、塞入；壁球,中高級
s,squat,verb/adj./noun,蹲坐、占用(房子、地方)；矮胖的；蹲坐、偷住的房子,中高級
s,stability,noun,穩定(性),中高級
s,stabilize,verb,穩定、穩固,中高級
s,stack,noun/verb,一疊、大量；堆疊,中高級
s,stagger,verb/noun,踉蹌、使動搖、使震驚；蹣跚,中高級
s,stain,noun/verb,汙漬；給…染色,中高級
s,stainless,adj.,無汙點的、不生鏽的,中高級
s,stale,adj./verb,不新鮮的、陳腐的；變不新鮮,中高級
s,stalk,noun,葉柄、花梗、莖,中高級
s,stalk,verb,跟蹤、潛近,中高級
s,stall,noun,貨攤、馬廄、牛棚,中高級
s,stall,verb,熄火、拋錨、拖延時間,中高級
s,stammer,verb/noun,口吃、結巴,中高級
s,stance,noun,立場、站姿,中高級
s,standpoint,noun,立場、觀點,中高級
s,stand-up,adj./noun,直立的；(喜劇)單口表演,中高級
s,stanza,noun,(詩的)節、段,中高級
s,staple,noun/verb,釘書針；用釘書針裝釘,中高級
s,staple,adj.,基本的、主要的,中高級
s,stapler,noun,釘書機,中高級
s,starch,noun/verb,澱粉；(衣服)上漿,中高級
s,stark,adj./adv.,嚴酷的、鮮明的、赤裸的；完全地,中高級
s,starter,noun,開胃菜、起跑者、起步階段,中高級
s,startle,verb,使驚嚇,中高級
s,statesman,noun,政治家,中高級
s,stateswoman,noun,女政治家,中高級
s,static,noun,靜電、靜力學,中高級
s,static,adj.,靜止的、靜力的,中高級
s,station,verb,駐紮、部署、配置,中高級
s,stationary,adj.,靜止的、穩定的,中高級
s,statistic,noun,統計數字、統計資料,中高級
s,statistical,adj.,統計分析的,中高級
s,statistician,noun,統計學家,中高級
s,statistics,noun,統計資料、統計學,中高級
s,stature,noun,聲望、身高,中高級
s,statutory,adj.,法定的,中高級
s,steamer,noun,汽船、蒸鍋,中高級
s,steep,verb,浸泡,中高級
s,stepchild,noun,繼子、繼女,中高級
s,stereotype,noun/verb,刻版印象；使…成為定型,中高級
s,sterling,noun,英鎊,中高級
s,sterling,adj.,優秀的,中高級
s,stern,noun,船尾,中高級
s,stern,adj.,嚴厲的、嚴峻的,中高級
s,stew,verb/noun,燉、思考、擔憂；燉菜,中高級
s,steward,noun,(飛機輪船等)服務員、統籌人=stewardess=attendant,中高級
s,still,noun,(電影)劇照；(釀酒用的)蒸餾器,中高級
s,stimulating,adj.,有啟發性的、能激發靈感的,中高級
s,stimulation,noun,刺激、促進,中高級
s,stimulus,noun,刺激、刺激物,中高級
s,stink,verb/noun,發出異味、令人厭惡；惡臭,中高級
s,stoop,verb/noun,俯身、彎腰；駝背,中高級
s,storage,noun,儲藏(空間)、保管,中高級
s,stout,adj.,粗壯結實的、勇敢的、頑強的,中高級
s,straighten,verb,使變直、挺直,中高級
s,straightforward,adj.,簡單易懂的、坦誠的,中高級
s,strain,noun/verb,壓力、拉傷、品種；拉傷、盡力,中高級
s,strained,adj.,緊張的、不自然的,中高級
s,strait,noun,海峽、(經濟)困境,中高級
s,strangle,verb,勒死、壓制,中高級
s,strap,noun/verb,帶子；用帶子繫好,中高級
s,strategic,adj.,戰略性的,中高級
s,stray,verb/adj./noun,迷路、離題；走失的；走失的家畜,中高級
s,streak,noun,條紋；(負面)性格,中高級
s,streak,verb,使佈滿條紋；飛奔,中高級
s,stride,verb/noun,大步走；大步、進步,中高級
s,striker,noun,罷工者、(足球)前鋒,中高級
s,striking,adj.,醒目的、顯著的、標致的,中高級
s,stripe,noun,條紋、線條,中高級
s,stroll,verb/noun,散步、閒逛,中高級
s,structural,adj.,結構上的,中高級
s,stuck,adj.,卡住、困於,中高級
s,stumble,noun,絆倒、失足；錯誤,中高級
s,stumble,verb,摔倒；犯錯；結巴地說；偶然遇到,中高級
s,stump,noun,(樹倒或被砍後遺留下的)殘幹、殘肢、(鉛筆)頭、(菸)蒂,中高級
s,stump,verb,砍去...的樹幹；笨重地行走；遊說,中高級
s,stun,verb,使昏迷、使震驚,中高級
s,stunning,adj.,極有魅力的、令人印象深刻的,中高級
s,stunt,noun,特技表演、噱頭,中高級
s,stunt,verb,阻礙發展、遏制,中高級
s,sturdy,adj.,堅固的、強壯的、堅決的,中高級
s,stutter,verb/noun,口吃、結巴,中高級
s,stylish,adj.,時髦的、高雅的,中高級
s,stylistic,adj.,風格上的、文體上的,中高級
s,sub,noun,替補隊員、代理人、會費,中高級
s,sub,verb,臨時代替他人做...,中高級
s,subjective,adj.,主觀的、主語的,中高級
s,submerge,verb,潛入水中、淹沒、掩蓋(情感),中高級
s,submersion,noun,潛入水中、淹沒,中高級
s,submit,verb,提交、屈服,中高級
s,subordinate,noun/adj./verb,部屬；從屬的；置於次要地位,中高級
s,subscribe,verb,定期訂閱、訂購、申請,中高級
s,subscription,noun,訂閱(報刊)、捐款,中高級
s,subsequent,adj.,隨後的、後來的,中高級
s,subsidiary,noun/adj.,子公司；輔助的,中高級
s,subsidize,verb,補助、發津貼,中高級
s,subsidy,noun,補貼、補助金,中高級
s,substantial,adj.,大量的、重大的、堅固的,中高級
s,substantially,adv.,非常、大體上,中高級
s,substitution,noun,代理、代用、候補者,中高級
s,subtle,adj.,不易察覺的、巧妙的,中高級
s,subtlety,noun,巧妙、微妙之處,中高級
s,suburban,adj.,郊區的、呆板的,中高級
s,succession,noun,連續、繼承,中高級
s,successive,adj.,連續的、相繼的,中高級
s,successor,noun,繼任者、接替的事物,中高級
s,sue,verb,控告、提起告訴,中高級
s,suffocate,verb,窒息、悶死,中高級
s,suite,noun,套房、一套傢具、組曲,中高級
s,sulfur,noun,硫磺=sulphur(BritishEnglish),中高級
s,summon,verb,傳喚出庭、召喚,中高級
s,sunshine,noun,陽光、歡樂,中高級
s,superficial,adj.,膚淺的、表面的,中高級
s,superintendent,noun,監管人、大樓管理員,中高級
s,superiority,noun,優越性、優勢,中高級
s,superpower,noun,超級大國,中高級
s,supersonic,adj.,超音速的,中高級
s,superstition,noun,迷信、迷信觀念,中高級
s,superstitious,adj.,迷信的、有迷信觀念的,中高級
s,supervise,verb,監督、管理,中高級
s,supervision,noun,監督、管理,中高級
s,supplement,verb/noun,補充、添加；添加物,中高級
s,supplementary,adj.,補充的,中高級
s,supplier,noun,供貨商、供應者,中高級
s,supportive,adj.,支持的、鼓勵的,中高級
s,suppress,verb,鎮壓、抑制,中高級
s,surge,noun,大浪、波濤；(海浪的)洶湧、奔騰,中高級
s,surge,verb,(數量)激增、(人群)蜂擁而入；(海浪)洶湧、奔騰,中高級
s,surgical,adj.,外科的、外科手術的,中高級
s,surpass,verb,超過、勝過,中高級
s,surplus,noun/adj.,盈餘；剩餘的,中高級
s,surveillance,noun,監視、看守、監督,中高級
s,susceptible,adj.,敏感的、容許…的,中高級
s,suspense,noun,不確定的狀態、懸疑,中高級
s,sustain,verb,維持、遭受,中高級
s,sustainable,adj.,可持續的；能長期保持的,中高級
s,swamp,noun,淹沒、應接不暇,中高級
s,swamp,verb,沼澤,中高級
s,swap,verb/noun,交換；交換物,中高級
s,swarm,noun,(昆蟲等的)群、蜂群、一大批,中高級
s,swarm,verb,蜂擁、成群結隊地移動,中高級
s,sway,verb/noun,使搖擺、動搖、說服；搖擺、支配,中高級
s,swollen,adj.,膨脹的、腫大的,中高級
s,syllabus,noun,教學大綱,中高級
s,symbolic,adj.,象徵性的、作為象徵的=symbolical,中高級
s,symbolism,noun,象徵主義、象徵手法,中高級
s,symmetrical,adj.,對稱的,中高級
s,symmetry,noun,對稱、相等,中高級
s,symposium,noun,研討會、座談會,中高級
s,syndicate,noun/verb,財團；組成企業聯盟,中高級
s,syndrome,noun,綜合症狀、典型表現,中高級
s,synonym,noun,同義詞,中高級
s,synonymous,adj.,同義的、等同於的,中高級
s,syntactic,adj.,句法上的,中高級
s,syntax,noun,句法、語構,中高級
s,synthesis,noun,綜合、合成,中高級
s,synthetic,adj./noun,人造的、合成的；合成物、合成纖維,中高級
t,tablespoon,noun,餐匙,中高級
t,tableware,noun,餐具,中高級
t,tabloid,noun,通俗小報、平板電腦,中高級
t,taboo,noun,禁忌、避諱,中高級
t,tackle,verb,著手對付(或處理)、與...交涉；(美式足球中)擒抱阻截,中高級
t,tackle,noun,(美式足球中的)擒抱阻截,中高級
t,taco,noun,墨西哥煎玉米粉捲,中高級
t,tact,noun,老練、圓通、機智,中高級
t,tactic,noun,策略、手段,中高級
t,tactical,adj.,策略上的、戰術上的,中高級
t,tactics,noun,戰術、兵法,中高級
t,tailor-made,adj.,特製的、訂做的,中高級
t,takeaway,noun,"外賣餐館=carryout,takeout",中高級
t,takeover,noun,收購、接管,中高級
t,tally,noun/verb,記錄；吻合、相符,中高級
t,tan,noun/verb,棕褐色、皮膚經日曬而成的褐色；曬黑,中高級
t,tangle,noun/verb,糾結；纏結成一團,中高級
t,tango,noun,(跳)探戈舞,中高級
t,tanker,noun,油罐車、油槽車,中高級
t,tar,noun/verb,瀝青、尼古丁；用柏油鋪,中高級
t,tardy,adj.,遲緩的、遲到的,中高級
t,tariff,noun,關稅、價目表,中高級
t,tart,noun,水果餡餅,中高級
t,tasteful,adj.,有審美眼光的、高雅的,中高級
t,tasteless,adj.,無味的、粗俗的,中高級
t,tattoo,noun,刺青,中高級
t,taunt,noun/verb,嘲笑的言詞；嘲笑、奚落,中高級
t,tavern,noun,酒館、小旅店、客棧,中高級
t,taxation,noun,稅金、稅制、課稅,中高級
t,tax-free,adj.,免稅的,中高級
t,taxpayer,noun,納稅人,中高級
t,teammate,noun,隊友,中高級
t,teamwork,noun,聯合作業、協調合作,中高級
t,teaspoon,noun,茶匙,中高級
t,tedious,adj.,冗長的、單調乏味的、囉嗦的,中高級
t,teens,noun,十幾歲、青少年們,中高級
t,telecommunication,noun,電信、電訊,中高級
t,teller,noun,出納員、提款機、敘述者,中高級
t,temperament,noun,氣質、性情,中高級
t,tempest,noun,暴風雨、暴風雪,中高級
t,tempo,noun,節奏、速度,中高級
t,tempt,verb,引誘、誘惑、勸誘,中高級
t,temptation,noun,引誘、誘惑,中高級
t,tentative,adj.,暫定的、不確定的、猶豫不定的,中高級
t,terminate,verb,結束、終止,中高級
t,termination,noun,結束、終止,中高級
t,terminology,noun,術語、專門用語,中高級
t,termite,noun,白蟻,中高級
t,terrace,noun,露天平台、階梯看台、梯田,中高級
t,terrain,noun,地勢、地形,中高級
t,terrestrial,adj.,陸棲的、地球上的,中高級
t,territorial,adj./noun,陸地的、陸生的；陸地生物,中高級
t,terrorism,noun,恐怖主義,中高級
t,terrorist,noun,恐怖份子、恐怖主義者,中高級
t,tertiary,adj.,第三的、第三級的,中高級
t,testament,noun,證據、證明,中高級
t,testify,verb,作證、成為證據,中高級
t,testimony,noun,證據、口供,中高級
t,textile,noun,紡織品,中高級
t,textual,adj.,文本的,中高級
t,texture,noun,質地、口感,中高級
t,theatrical,adj.,戲劇的、誇張的,中高級
t,theoretical,adj.,理論上的,中高級
t,therapist,noun,治療師,中高級
t,thereafter,adv.,此後、以後,中高級
t,thereby,adv.,因此、從而,中高級
t,thermal,adj./noun,熱量的、保暖的；上升暖氣流,中高級
t,thermometer,noun,溫度計、體溫計,中高級
t,thermos,noun,保溫瓶,中高級
t,thesaurus,noun,同義詞詞典,中高級
t,thesis,noun,學位論文,中高級
t,thicken,verb,變厚、變濃、變稠,中高級
t,thickness,noun,厚、厚度,中高級
t,thigh,noun,大腿,中高級
t,thorn,noun,(植物)刺、荊棘,中高級
t,thorny,adj.,棘手的、引起爭議的、多刺的,中高級
t,threshold,noun,門檻、閾值,中高級
t,thrift,noun,節約、節儉,中高級
t,thrifty,adj.,節約的、節儉的,中高級
t,thrill,noun/verb,興奮感；使非常激動,中高級
t,thriller,noun,驚悚小說(電影),中高級
t,thrive,verb,繁榮、茁壯成長,中高級
t,throb,verb/noun,抽動、抽痛、(強烈有節奏地)跳動；抽動、抽痛,中高級
t,throne,noun,寶座、王位,中高級
t,throng,noun/verb,一大群人；群集、擁向,中高級
t,thrust,verb,猛推、刺、塞,中高級
t,thrust,noun,猛推、驅動力；(論據)要點、目標,中高級
t,thunderbolt,noun,雷電、晴天霹靂,中高級
t,thunderous,adj.,雷鳴般的、怒氣沖沖的,中高級
t,tick,noun,滴答聲；勾號,中高級
t,tick,verb,發出滴答聲；打勾,中高級
t,tile,noun/verb,磁磚、地磚、瓦片；鋪瓦、貼磁磚,中高級
t,tilt,verb/noun,傾斜、偏向,中高級
t,timeless,adj.,無時間性的、永久的,中高級
t,timely,adj.,及時的、適時的,中高級
t,timeout,noun,(運動)暫停、(工作)休息時間,中高級
t,timer,noun,計時器,中高級
t,timing,noun,定時、時間的安排、時機的掌握、節奏,中高級
t,tinkle,verb,發出叮噹聲,中高級
t,tint,noun,淺色彩、(一層)淡色、染髮劑,中高級
t,toad,noun,蟾蜍、討厭的人,中高級
t,toady,noun/verb,馬屁精；拍馬屁,中高級
t,toddle,verb,(幼兒)蹣跚行走、溜躂,中高級
t,toddler,noun,學步的兒童,中高級
t,toil,verb/noun,辛勞工作、跋涉；苦工,中高級
t,token,adj./noun,裝樣子的、敷衍的；代幣、象徵,中高級
t,toll,noun,通行費；傷亡人數；鳴(喪)鐘,中高級
t,toll,verb,向...徵收捐稅(或通行費等),中高級
t,tollbooth,noun,收費站,中高級
t,tollway,noun,收費公路,中高級
t,tonic,noun,奎寧水、補藥、使人振作之物,中高級
t,tonne,noun,公噸,中高級
t,topical,adj.,熱門話題的,中高級
t,topping,noun,(食物)上面的配料,中高級
t,topple,verb,倒塌、打翻,中高級
t,torment,noun/verb,痛苦、煩惱；使痛苦、煩擾,中高級
t,torrent,noun,急流、連續不斷,中高級
t,torture,verb/noun,拷打、使痛苦；酷刑、折磨,中高級
t,touching,adj.,令人同情的、感人的,中高級
t,touchy,adj.,易怒的、敏感的,中高級
t,tournament,noun,錦標賽,中高級
t,township,noun,鎮區、(南非種族隔離時期)黑人區,中高級
t,toxic,adj.,有毒的、引起中毒的,中高級
t,tract,noun,(連通身體組織器官的)管道、大面積的土地,中高級
t,tractor,noun,拖拉機、牽引機,中高級
t,trade-in,noun,折舊換新,中高級
t,trade-off,noun,權衡、協調,中高級
t,trailer,noun,拖車；電影預告片,中高級
t,trainee,noun,實習生,中高級
t,trait,noun,(個性)特徵,中高級
t,traitor,noun,叛徒、賣國賊,中高級
t,traitorous,adj.,背叛的、叛國的,中高級
t,tramp,verb,重步行走,中高級
t,tramp,noun,沉重的腳步聲；流浪漢,中高級
t,trample,verb/noun,踐踏,中高級
t,tranquil,adj.,平靜的、靜謐的,中高級
t,tranquilize,verb,使鎮定,中高級
t,tranquilizer,noun,鎮定劑,中高級
t,transaction,noun,交易、辦理,中高級
t,transcend,verb,超出、超越界線,中高級
t,transcendent,adj.,卓越的、傑出的,中高級
t,transcribe,verb,抄錄、轉錄(為另一種形式),中高級
t,transcript,noun,抄本、謄本、成績單,中高級
t,transcription,noun,抄寫、謄寫,中高級
t,transformation,noun,(徹底的)變化、改革,中高級
t,transformer,noun,變壓器,中高級
t,transient,adj./noun,短暫的、稍縱即逝的、過往的；短期住客=transitory,中高級
t,transistor,noun,電晶體,中高級
t,transit,noun/verb,運輸(系統)、過境；運送過、通過,中高級
t,transition,noun,過渡、轉變,中高級
t,transmission,noun,傳送、傳染、(電台或電視)播送,中高級
t,transmit,verb,播送、傳染、傳導(熱、光),中高級
t,transparency,noun,透明度、幻燈片,中高級
t,transparent,adj.,透明的、易看穿的,中高級
t,trauma,noun,精神創傷、外傷,中高級
t,traumatic,adj.,痛苦難忘的、造成精神創傷的,中高級
t,traverse,verb/noun,穿過、橫越,中高級
t,treacherous,adj.,凶險的、不忠的,中高級
t,tread,verb/noun,踩、踏；步伐、腳步聲,中高級
t,treason,noun,叛國罪,中高級
t,treasury,noun,財政部、寶庫,中高級
t,trek,verb/noun,長途跋涉、徒步旅行,中高級
t,tremor,noun,顫抖、輕微地震,中高級
t,trench,noun/verb,溝、戰壕；挖掘戰壕,中高級
t,trespass,verb/noun,擅自進入、侵占,中高級
t,tribal,adj.,部落的、部族的,中高級
t,tribunal,noun,特別法庭,中高級
t,tribute,noun,頌詞、進貢,中高級
t,trifle,noun/verb,少量、瑣事；輕視、戲弄,中高級
t,trigger,noun/verb,扳機、誘因；觸發、起動,中高級
t,trillion,noun,兆、大量,中高級
t,trim,verb/noun,修剪、削減,中高級
t,trim,adj.,苗條的、整齊的,中高級
t,trio,noun,三人(個)一組、三重奏,中高級
t,triple,adj./verb,三部分的、三倍的；增至三倍,中高級
t,triumphant,adj.,大獲全勝的、歡欣鼓舞的,中高級
t,trivial,adj.,不重要的、瑣碎的,中高級
t,trolley,noun,"手推車、電車=tram,tramcar,streetcar",中高級
t,trophy,noun,獎品、獎盃、戰利品,中高級
t,tropic,noun/adj.,回歸線、熱帶；熱帶的,中高級
t,trot,verb/noun,小跑、快步走,中高級
t,trout,noun,鱒魚,中高級
t,truant,noun/adj./verb,逃學生；怠忽職守的；曠課、逃學,中高級
t,truce,noun,停戰協定,中高級
t,truly,adv.,真誠的、確實,中高級
t,trustee,noun,受託人、信託公司,中高級
t,tuberculosis,noun,結核病=TB,中高級
t,tuck,verb/noun,把…塞進；打褶,中高級
t,tug-of-war,noun,拔河、激烈競爭,中高級
t,tuition,noun,學費、教學,中高級
t,tumor,noun,腫瘤、腫塊=tumour(BritishEnglish),中高級
t,tuna,noun,鮪魚,中高級
t,turbine,noun,渦輪機、汽輪機,中高級
t,turbulent,adj.,動盪的、猛烈的,中高級
t,turmoil,noun,動亂、騷動、焦慮,中高級
t,turnover,noun,營業額、翻轉、周轉率,中高級
t,twig,verb,明白、領悟,中高級
t,twilight,noun,暮色、黃昏,中高級
t,two-thirds,noun/pron./adj./adv.,三分之二=twothirds,中高級
t,typically,adv.,通常、典型地、不出所料,中高級
t,tyranny,noun,暴虐、暴政,中高級
t,tyrant,noun,暴君、君主專制,中高級
u,ulcer,noun,潰瘍,中高級
u,ultimate,adj./noun,最後的、極端的、基本的；極品、最終的事物、終極、極限,中高級
u,ultimately,adv.,最終、終究、最基本地,中高級
u,ultraviolet,adj.,紫外線的,中高級
u,umpire,noun/verb,裁判員；當裁判、裁決,中高級
u,unacceptable,adj.,不能接受的、無法同意的,中高級
u,unanimous,adj.,意見一致的、一致同意的,中高級
u,unbeaten,adj.,未嘗敗績的,中高級
u,uncertainty,noun,不確定性,中高級
u,unchanged,adj.,無變化的、未改變的,中高級
u,unconditional,adj.,無條件的、絕對的,中高級
u,uncover,verb,揭開蓋子、揭露、揭發,中高級
u,underestimate,verb,低估、輕視,中高級
u,undergo,verb,經歷、遭受,中高級
u,undergraduate,noun,大學生,中高級
u,underlie,verb,構成的基礎、作為的原因,中高級
u,underlying,adj.,根本的、潛在的,中高級
u,undermine,verb,逐漸削弱、破壞,中高級
u,underneath,prep./adv./adj./noun,在…之下；在下方；下面的；底部,中高級
u,understandable,adj.,合情理的、易懂的,中高級
u,underway,adj.,已開始的、在進行中的,中高級
u,underwrite,verb,承擔經濟責任、承保,中高級
u,undo,verb,拆開、消除、打敗,中高級
u,undoubted,adj.,無疑的、確實的,中高級
u,uneasy,adj.,不安的、不自在的、拘束的,中高級
u,unemployed,adj./noun,失業的、待業的；失業者,中高級
u,unemployment,noun,失業、失業人數,中高級
u,unfold,verb,展開、透露,中高級
u,unidentified,adj.,未知的、不明的,中高級
u,unification,noun,統一、單一化,中高級
u,unify,verb,統一、使成一體,中高級
u,unleash,verb,鬆開(狗)的皮帶、發洩(情感)、使爆發,中高級
u,unload,verb,卸貨、推卸責任,中高級
u,unlock,verb,開鎖、揭開,中高級
u,unpack,verb,打開(包裹、行李)、取出東西,中高級
u,unprecedented,adj.,前所未有的、空前的,中高級
u,unrest,noun,動盪、騷動,中高級
u,unusually,adv.,特別地、非常、不尋常地,中高級
u,unveil,verb,揭幕、首次公開,中高級
u,unwanted,adj.,多餘的、意外的,中高級
u,up,verb,增加、起身離開,中高級
u,upbringing,noun,撫育、教育,中高級
u,update,verb/noun,使現代化、更新、為…補充最新資料；最新的情況,中高級
u,upgrade,verb/noun,使升級、提升；升級、上坡,中高級
u,uphold,verb,維護(正義)、維持(判決),中高級
u,upright,adj./noun,挺直的、正直的；立柱,中高級
u,uprising,noun,起義、暴動,中高級
u,up-to-date,adj.,最新(式)的、現代的、尖端的=uptodate,中高級
u,uranium,noun,鈾,中高級
u,urgency,noun,迫切(的樣子)、急迫、緊急(性),中高級
u,urine,noun,尿、小便,中高級
u,usher,noun/verb,引座員、(婚禮)招待；引導、開創,中高級
u,utensil,noun,(家庭)用具、器皿,中高級
u,utility,noun,效用、公共事業(水、電、瓦斯等),中高級
u,utility,adj.,多用途的、多功能的,中高級
u,utilize,verb,使用、利用,中高級
u,utmost,adj./noun,最大的、極度的；最大量、極限、最大可能,中高級
u,utter,verb,出聲,中高級
u,utter,adj.,十足的,中高級
v,vacancy,noun,空缺、空房,中高級
v,vaccine,noun,疫苗、痘苗,中高級
v,vacuum,noun/verb,真空、真空吸塵器；用吸塵器吸,中高級
v,valiant,adj.,勇敢的、堅定的,中高級
v,valid,adj.,有效的、合理的,中高級
v,validity,noun,有效、合理,中高級
v,valve,noun,閥、瓣膜,中高級
v,vanilla,noun,香草、香草香精,中高級
v,vanity,noun,虛榮心、自負,中高級
v,variable,adj./noun,多變的；可變因素、變數,中高級
v,variation,noun,變異、變更,中高級
v,varied,adj.,各種各樣的、多變的,中高級
v,vegetation,noun,植物、植被,中高級
v,veil,noun,面紗；掩蓋,中高級
v,veil,verb,戴面紗；遮掩、掩飾,中高級
v,vein,noun,靜脈、脈絡,中高級
v,velocity,noun,速度、高速,中高級
v,velvet,noun,絲絨、天鵝絨,中高級
v,vend,verb,販賣、兜售,中高級
v,vent,noun/verb,通風口；表達、發洩(憤怒),中高級
v,ventilate,verb,使通風、公開表達,中高級
v,venue,noun,集會場所、舉辦地點,中高級
v,verbal,adj.,關於言詞的、口頭的,中高級
v,verdict,noun,判決、結論,中高級
v,verge,verb,瀕臨,中高級
v,verge,noun,邊緣；路肩,中高級
v,verify,verb,核實、證明,中高級
v,versatile,adj.,多才多藝的、多功能的,中高級
v,versus,prep.,對抗、…與…對比=vs.,中高級
v,vertical,adj./noun,垂直的；縱軸,中高級
v,veteran,noun,老手、老兵、退伍軍人,中高級
v,veterinarian,noun,獸醫=vet,中高級
v,veto,verb/noun,反對；否決權,中高級
v,via,prep.,經由、通過,中高級
v,viable,adj.,可實行的、能獨立生存的,中高級
v,vibrate,verb,震動、顫動、擺動,中高級
v,vibration,noun,震動、共鳴、振幅,中高級
v,vicar,noun,(聖公會)牧師,中高級
v,vice,noun,罪行、惡行,中高級
v,vicepresident,noun,副總統、副總裁,中高級
v,vicinity,noun,週圍地區、附近,中高級
v,vicious,adj.,殘暴的、惡劣的,中高級
v,victimize,verb,使受害、使受苦,中高級
v,victor,noun,勝利者、獲勝者,中高級
v,victorious,adj.,勝利的、戰勝的,中高級
v,viewer,noun,電視觀眾、觀察者,中高級
v,viewpoint,noun,看法、觀點,中高級
v,villa,noun,渡假別墅、豪宅,中高級
v,villager,noun,村民、鄉下人,中高級
v,villain,noun,反派主角、壞人,中高級
v,vine,noun,葡萄藤、藤蔓,中高級
v,vineyard,noun,葡萄園、釀酒廠,中高級
v,vintage,noun,(特定年分或地方)釀造的酒、釀造年分,中高級
v,vintage,adj.,(尤指過去某個時期)最典型的、優質的,中高級
v,vinyl,noun,黑膠唱片,中高級
v,virtual,adj.,(透過電腦)虛擬的,中高級
v,virtually,adv.,差不多、事實上,中高級
v,visa,noun,(護照)簽證,中高級
v,visualize,verb,視覺化、想像,中高級
v,vitality,noun,生命力,中高級
v,vocal,adj./noun,嗓音的、直言不諱的；聲樂作品,中高級
v,vocation,noun,天職、職業,中高級
v,vocational,adj.,職業的、職業技術的,中高級
v,vogue,noun,流行、時髦,中高級
v,void,noun,空虛感,中高級
v,void,adj.,缺乏...的；無效的、不合法的,中高級
v,void,verb,使空出；使無效、作廢,中高級
v,volatile,adj.,易變的、不穩的,中高級
v,volt,noun,伏特(電壓單位),中高級
v,voltage,noun,電壓,中高級
v,vomit,verb/noun,嘔吐；嘔吐(物),中高級
v,voucher,noun,代幣、優惠券,中高級
v,vow,verb/noun,發誓；誓言,中高級
v,vulgar,adj.,粗俗的、下流的,中高級
v,vulnerable,adj.,易受傷的、易受攻擊的,中高級
w,wade,verb/noun,跋涉、介入,中高級
w,wag,verb/noun,搖(尾巴)、搖頭(手指)表示反對；擺動,中高級
w,wail,noun/verb,哭叫聲、哀號；(因悲傷或疼痛)哭號,中高級
w,wallpaper,noun/verb,壁紙；貼壁紙,中高級
w,walnut,noun,核桃、核桃樹,中高級
w,wardrobe,noun,衣櫥、全部衣物,中高級
w,ware,noun,用某材料製造的物品、小販出售的物品,中高級
w,warehouse,noun/verb,倉庫；把...存入倉庫,中高級
w,warrant,verb/noun,使有必要；正當的理由、執行令,中高級
w,warranty,noun,(商品)保修期,中高級
w,warring,adj.,戰爭的、敵對的,中高級
w,warrior,noun,武士、戰士,中高級
w,wartime,noun,戰時、戰爭時代,中高級
w,wary,adj.,小心的、謹慎的,中高級
w,watertight,adj.,防水的、(論點)無懈可擊的,中高級
w,watt,noun,瓦特(電功率單位),中高級
w,way-out,adj.,非傳統的、前衛的,中高級
w,weakness,noun,軟弱、弱點,中高級
w,weary,adj./verb,疲勞的；使疲勞、失去熱情,中高級
w,wed,verb,結婚、使…結合,中高級
w,wedge,verb/noun,將…擠入、插入；楔子,中高級
w,wee,adj.,極小的、微量的,中高級
w,wee,verb/noun,撒尿；尿液,中高級
w,weird,adj.,奇異的、怪異的,中高級
w,weld,verb/noun,使緊密結合、焊接；焊接點,中高級
w,well-being,noun,健康、安樂,中高級
w,wharf,noun,碼頭,中高級
w,whatsoever,adv.,(用於負面強調)毫無,中高級
w,wheelchair,noun,輪椅,中高級
w,whereabouts,adv./noun,在哪裡；下落、所在之處,中高級
w,whereas,conj.,(用以對比兩個事實)然而、但是,中高級
w,whereby,adv.,憑此、藉以,中高級
w,whilst,conj.,當…的時候,中高級
w,whine,noun/verb,啜泣聲、牢騷；啜泣、發牢騷,中高級
w,whirl,verb/noun,旋轉；接連不斷的活動,中高級
w,whisk,verb/noun,攪拌(雞蛋等)；攪拌器,中高級
w,whiskey,noun,威士忌(烈酒)=whisky,中高級
w,wholesale,noun/adv./adj./verb,批發；大批地；大批的；批發價,中高級
w,wholesome,adj.,有益健康的、有道德的,中高級
w,widow,noun/verb,寡婦；使喪偶,中高級
w,widower,noun,鰥夫,中高級
w,wig,noun,假髮,中高級
w,windshield,noun,擋風玻璃,中高級
w,winger,noun,邊鋒球員,中高級
w,winning,adj./noun,獲勝的、迷人的；贏得物(錢),中高級
w,withdrawal,noun,撤走、退出、提款,中高級
w,wither,verb,枯萎、(希望)破滅,中高級
w,withhold,verb,拒絕給予、保留,中高級
w,withstand,verb,承受、耐得住,中高級
w,witty,adj.,機智的、言語詼諧的,中高級
w,woe,noun,問題、困難、哀傷,中高級
w,woo,verb,懇請…的支持、求愛,中高級
w,woodland,noun,樹林、林區,中高級
w,woodpecker,noun,啄木鳥,中高級
w,workforce,noun,全體員工、勞動力,中高級
w,workman,noun,勞工、工匠,中高級
w,workplace,noun,工作場所,中高級
w,worsen,verb,惡化、變得更糟,中高級
w,worship,verb/noun,崇拜、熱愛,中高級
w,would-be,adj.,想成為…的,中高級
w,wreath,noun,花圈、花環,中高級
w,wrench,verb,猛拉、猛扭,中高級
w,wrench,noun,(離別的)痛苦,中高級
w,wrestle,noun/verb,摔角、鬥爭；摔角、全力對付,中高級
w,wretched,adj.,感到不適的、極壞的,中高級
w,wring,verb/noun,擰、絞出(水)、(因焦急或煩惱)扭絞雙手；絞、擰、扭,中高級
y,yacht,noun,遊艇、快艇,中高級
y,yarn,noun,紗線；編造的故事、奇談,中高級
y,yarn,verb,編造故事、長談,中高級
y,yearn,verb,渴求、渴望,中高級
y,yeast,noun,酵母、酵母菌,中高級
y,yen,noun,日元,中高級
y,yen,verb,渴望,中高級
y,yield,verb,服從、屈服；出產、產生(效果、收益),中高級
y,yield,noun,產量、利潤,中高級
y,yoga,noun,瑜珈,中高級
y,yoke,noun,軛、枷鎖,中高級
y,yoke,verb,使結合,中高級
y,yucky,adj.,討厭的、令人厭惡的,中高級
z,zeal,noun,熱情、激情,中高級
z,zinc,noun,鋅,中高級
z,zip,verb,拉拉鍊、快速移動=ZIP/zoneimprovementplan/zipcode,中高級
z,zoom,verb/noun,快速移動、急劇增長；(車輛)疾馳的聲音,中高級
